Frame,MSE,Predicted_95,Predicted_99
Frame_1.csv,0.004389940295368433,1,1
Frame_10.csv,0.0019457997987046838,1,0
Frame_100.csv,0.001391385798342526,0,0
Frame_1000.csv,0.001343363313935697,0,0
Frame_1001.csv,0.0026070342864841223,1,1
Frame_1002.csv,0.001393242971971631,0,0
Frame_1003.csv,0.001455622841604054,0,0
Frame_1004.csv,0.0013648729072883725,0,0
Frame_1005.csv,0.0016957781044766307,1,0
Frame_1006.csv,0.0013665498699992895,0,0
Frame_1007.csv,0.0014743763022124767,0,0
Frame_1008.csv,0.001378716086037457,0,0
Frame_1009.csv,0.001281039440073073,0,0
Frame_101.csv,0.0015100970631465316,0,0
Frame_1010.csv,0.0014129731571301818,0,0
Frame_1011.csv,0.0013883850770071149,0,0
Frame_1012.csv,0.0013884176732972264,0,0
Frame_1013.csv,0.0013267395552247763,0,0
Frame_1014.csv,0.0013116165064275265,0,0
Frame_1015.csv,0.001385615672916174,0,0
Frame_1016.csv,0.0011755838058888912,0,0
Frame_1017.csv,0.0013234546640887856,0,0
Frame_1018.csv,0.001316990703344345,0,0
Frame_1019.csv,0.001209526089951396,0,0
Frame_102.csv,0.0013113595778122544,0,0
Frame_1020.csv,0.0012802854180335999,0,0
Frame_1021.csv,0.0014140005223453045,0,0
Frame_1022.csv,0.001289945445023477,0,0
Frame_1023.csv,0.0013017079327255487,0,0
Frame_1024.csv,0.0013388971565291286,0,0
Frame_1025.csv,0.001275752205401659,0,0
Frame_1026.csv,0.0014139877166599035,0,0
Frame_1027.csv,0.001374091487377882,0,0
Frame_1028.csv,0.001353343017399311,0,0
Frame_1029.csv,0.0019207269651815295,1,0
Frame_103.csv,0.0013585053384304047,0,0
Frame_1030.csv,0.0014585840981453657,0,0
Frame_1031.csv,0.0014042628463357687,0,0
Frame_1032.csv,0.001330025028437376,0,0
Frame_1033.csv,0.0013046247186139226,0,0
Frame_1034.csv,0.0014409958384931087,0,0
Frame_1035.csv,0.0013175534550100565,0,0
Frame_1036.csv,0.0013098395429551601,0,0
Frame_1037.csv,0.0013261806452646852,0,0
Frame_1038.csv,0.001322622294537723,0,0
Frame_1039.csv,0.001454595709219575,0,0
Frame_104.csv,0.0013520990032702684,0,0
Frame_1040.csv,0.0013097617775201797,0,0
Frame_1041.csv,0.0012987974332645535,0,0
Frame_1042.csv,0.0013215680373832583,0,0
Frame_1043.csv,0.0013533864403143525,0,0
Frame_1044.csv,0.001325830351561308,0,0
Frame_1045.csv,0.0013001260813325644,0,0
Frame_1046.csv,0.0013262934517115355,0,0
Frame_1047.csv,0.001295860973186791,0,0
Frame_1048.csv,0.001273193396627903,0,0
Frame_1049.csv,0.0013620725367218256,0,0
Frame_105.csv,0.001269457396119833,0,0
Frame_1050.csv,0.0013074567541480064,0,0
Frame_1051.csv,0.0013211051700636744,0,0
Frame_1052.csv,0.0013040646445006132,0,0
Frame_1053.csv,0.0012529974337667227,0,0
Frame_1054.csv,0.0013521471992135048,0,0
Frame_1055.csv,0.0012874363455921412,0,0
Frame_1056.csv,0.0014366402756422758,0,0
Frame_1057.csv,0.0013028772082179785,0,0
Frame_1058.csv,0.0014278368325904012,0,0
Frame_1059.csv,0.0013349350774660707,0,0
Frame_106.csv,0.0014938154490664601,0,0
Frame_1060.csv,0.0012467895867303014,0,0
Frame_1061.csv,0.001183404354378581,0,0
Frame_1062.csv,0.0012739177327603102,0,0
Frame_1063.csv,0.0014222187455743551,0,0
Frame_1064.csv,0.0013376816641539335,0,0
Frame_1065.csv,0.001293174922466278,0,0
Frame_1066.csv,0.0012548340018838644,0,0
Frame_1067.csv,0.001307457103393972,0,0
Frame_1068.csv,0.0013282252475619316,0,0
Frame_1069.csv,0.0011763088405132294,0,0
Frame_107.csv,0.0015175089938566089,0,0
Frame_1070.csv,0.0013165412237867713,0,0
Frame_1071.csv,0.0015996464062482119,0,0
Frame_1072.csv,0.0015074539696797729,0,0
Frame_1073.csv,0.001755469013005495,1,0
Frame_1074.csv,0.0014967824099585414,0,0
Frame_1075.csv,0.0013584946282207966,0,0
Frame_1076.csv,0.0015533954137936234,0,0
Frame_1077.csv,0.0014472639886662364,0,0
Frame_1078.csv,0.0012908491771668196,0,0
Frame_1079.csv,0.0015101528260856867,0,0
Frame_108.csv,0.0016152749303728342,1,0
Frame_1080.csv,0.001376272295601666,0,0
Frame_1081.csv,0.001415492151863873,0,0
Frame_1082.csv,0.0013336053816601634,0,0
Frame_1083.csv,0.0013467095559462905,0,0
Frame_1084.csv,0.001304724719375372,0,0
Frame_1085.csv,0.0015106621431186795,0,0
Frame_1086.csv,0.0015082249883562326,0,0
Frame_1087.csv,0.001394294435158372,0,0
Frame_1088.csv,0.001293477020226419,0,0
Frame_1089.csv,0.001402278896421194,0,0
Frame_109.csv,0.0016300167189911008,1,0
Frame_1090.csv,0.0012289931764826179,0,0
Frame_1091.csv,0.0012514478294178843,0,0
Frame_1092.csv,0.0013062823563814163,0,0
Frame_1093.csv,0.001288559753447771,0,0
Frame_1094.csv,0.0013309021014720201,0,0
Frame_1095.csv,0.0013019770849496126,0,0
Frame_1096.csv,0.0013096049660816789,0,0
Frame_1097.csv,0.0013325955951586366,0,0
Frame_1098.csv,0.001200204947963357,0,0
Frame_1099.csv,0.0014938918175175786,0,0
Frame_11.csv,0.002070896327495575,1,0
Frame_110.csv,0.0014451290480792522,0,0
Frame_1100.csv,0.0013214710634201765,0,0
Frame_1101.csv,0.0015199651243165135,0,0
Frame_1102.csv,0.0013816546415910125,0,0
Frame_1103.csv,0.0013752684462815523,0,0
Frame_1104.csv,0.0015408684266731143,0,0
Frame_1105.csv,0.001650898833759129,1,0
Frame_1106.csv,0.0012534280540421605,0,0
Frame_1107.csv,0.0013942428631708026,0,0
Frame_1108.csv,0.001303503173403442,0,0
Frame_1109.csv,0.0014403276145458221,0,0
Frame_111.csv,0.0014200531877577305,0,0
Frame_1110.csv,0.0013858492020517588,0,0
Frame_1111.csv,0.0013010486727580428,0,0
Frame_1112.csv,0.0013630315661430359,0,0
Frame_1113.csv,0.001283060759305954,0,0
Frame_1114.csv,0.001378157758153975,0,0
Frame_1115.csv,0.0012628587428480387,0,0
Frame_1116.csv,0.0012003043666481972,0,0
Frame_1117.csv,0.0013367620995268226,0,0
Frame_1118.csv,0.0012844003504142165,0,0
Frame_1119.csv,0.0011477114167064428,0,0
Frame_112.csv,0.0014710305258631706,0,0
Frame_1120.csv,0.0013750611105933785,0,0
Frame_1121.csv,0.001368662458844483,0,0
Frame_1122.csv,0.0012961853062734008,0,0
Frame_1123.csv,0.0012498863507062197,0,0
Frame_1124.csv,0.0012938849395141006,0,0
Frame_1125.csv,0.0014165696920827031,0,0
Frame_1126.csv,0.0013373175170272589,0,0
Frame_1127.csv,0.0013709820341318846,0,0
Frame_1128.csv,0.0013762508751824498,0,0
Frame_1129.csv,0.0012871974613517523,0,0
Frame_113.csv,0.001426154631190002,0,0
Frame_1130.csv,0.0013076247414574027,0,0
Frame_1131.csv,0.001320532988756895,0,0
Frame_1132.csv,0.0012803851859644055,0,0
Frame_1133.csv,0.001336188637651503,0,0
Frame_1134.csv,0.0013668998144567013,0,0
Frame_1135.csv,0.0013470256235450506,0,0
Frame_1136.csv,0.0013014606665819883,0,0
Frame_1137.csv,0.0014834818430244923,0,0
Frame_1138.csv,0.0013265698216855526,0,0
Frame_1139.csv,0.0013526075053960085,0,0
Frame_114.csv,0.0014594376552850008,0,0
Frame_1140.csv,0.001467093825340271,0,0
Frame_1141.csv,0.0013344332110136747,0,0
Frame_1142.csv,0.001357782632112503,0,0
Frame_1143.csv,0.0012911844532936811,0,0
Frame_1144.csv,0.0012688274728134274,0,0
Frame_1145.csv,0.001356438733637333,0,0
Frame_1146.csv,0.001257665571756661,0,0
Frame_1147.csv,0.001348808640614152,0,0
Frame_1148.csv,0.0012346799485385418,0,0
Frame_1149.csv,0.0011809738352894783,0,0
Frame_115.csv,0.0013994793407619,0,0
Frame_1150.csv,0.0012923264876008034,0,0
Frame_1151.csv,0.0013065169332548976,0,0
Frame_1152.csv,0.0012516577262431383,0,0
Frame_1153.csv,0.001602412317879498,1,0
Frame_1154.csv,0.0012846917379647493,0,0
Frame_1155.csv,0.0013160805683583021,0,0
Frame_1156.csv,0.0015320918755605817,0,0
Frame_1157.csv,0.001422993140295148,0,0
Frame_1158.csv,0.0012885871110484004,0,0
Frame_1159.csv,0.0012310739839449525,0,0
Frame_116.csv,0.001412171171978116,0,0
Frame_1160.csv,0.0014150614151731133,0,0
Frame_1161.csv,0.0012924481416121125,0,0
Frame_1162.csv,0.0014139433624222875,0,0
Frame_1163.csv,0.0012776083312928677,0,0
Frame_1164.csv,0.0013184135314077139,0,0
Frame_1165.csv,0.001340816612355411,0,0
Frame_1166.csv,0.0013355497503653169,0,0
Frame_1167.csv,0.0013222892303019762,0,0
Frame_1168.csv,0.0013014377327635884,0,0
Frame_1169.csv,0.0013111378066241741,0,0
Frame_117.csv,0.001553732086904347,0,0
Frame_1170.csv,0.001246619620360434,0,0
Frame_1171.csv,0.0014242479810491204,0,0
Frame_1172.csv,0.0013078526826575398,0,0
Frame_1173.csv,0.0012736968928948045,0,0
Frame_1174.csv,0.0012835380621254444,0,0
Frame_1175.csv,0.0012879021232947707,0,0
Frame_1176.csv,0.001304454868659377,0,0
Frame_1177.csv,0.0017893402837216854,1,0
Frame_1178.csv,0.0016430709511041641,1,0
Frame_1179.csv,0.0013682746794074774,0,0
Frame_118.csv,0.0016351925441995263,1,0
Frame_1180.csv,0.0013811937533318996,0,0
Frame_1181.csv,0.0013061183271929622,0,0
Frame_1182.csv,0.00120104372035712,0,0
Frame_1183.csv,0.0013989716535434127,0,0
Frame_1184.csv,0.0013236772501841187,0,0
Frame_1185.csv,0.0015587167581543326,0,0
Frame_1186.csv,0.0014062721747905016,0,0
Frame_1187.csv,0.0012867978075519204,0,0
Frame_1188.csv,0.0012739377561956644,0,0
Frame_1189.csv,0.0013934662565588951,0,0
Frame_119.csv,0.001373532461002469,0,0
Frame_1190.csv,0.0013379036681726575,0,0
Frame_1191.csv,0.001339648966677487,0,0
Frame_1192.csv,0.0012863099109381437,0,0
Frame_1193.csv,0.0014328984543681145,0,0
Frame_1194.csv,0.0013112248852849007,0,0
Frame_1195.csv,0.0015973990084603429,0,0
Frame_1196.csv,0.001212065340951085,0,0
Frame_1197.csv,0.0012935263803228736,0,0
Frame_1198.csv,0.0013546113623306155,0,0
Frame_1199.csv,0.00128089205827564,0,0
Frame_12.csv,0.0019066318636760116,1,0
Frame_120.csv,0.0015207350952550769,0,0
Frame_1200.csv,0.001178464386612177,0,0
Frame_1201.csv,0.0012130752438679338,0,0
Frame_1202.csv,0.0013106279075145721,0,0
Frame_1203.csv,0.0014147422043606639,0,0
Frame_1204.csv,0.0013748069759458303,0,0
Frame_1205.csv,0.0014876461355015635,0,0
Frame_1206.csv,0.0013283885782584548,0,0
Frame_1207.csv,0.0013598889345303178,0,0
Frame_1208.csv,0.0013850829564034939,0,0
Frame_1209.csv,0.0013099199859425426,0,0
Frame_121.csv,0.0012954507255926728,0,0
Frame_1210.csv,0.001463086111471057,0,0
Frame_1211.csv,0.0013279387494549155,0,0
Frame_1212.csv,0.0013499909546226263,0,0
Frame_1213.csv,0.0013430248945951462,0,0
Frame_1214.csv,0.001394013874232769,0,0
Frame_1215.csv,0.001435341197066009,0,0
Frame_1216.csv,0.0013407748192548752,0,0
Frame_1217.csv,0.001374363200739026,0,0
Frame_1218.csv,0.001340599381364882,0,0
Frame_1219.csv,0.0014410668518394232,0,0
Frame_122.csv,0.0014134644297882915,0,0
Frame_1220.csv,0.0012637355830520391,0,0
Frame_1221.csv,0.00135614478494972,0,0
Frame_1222.csv,0.0012913194950670004,0,0
Frame_1223.csv,0.0013779181754216552,0,0
Frame_1224.csv,0.001178514794446528,0,0
Frame_1225.csv,0.0012693670578300953,0,0
Frame_1226.csv,0.001303863013163209,0,0
Frame_1227.csv,0.001273801433853805,0,0
Frame_1228.csv,0.0014149192720651627,0,0
Frame_1229.csv,0.001370179932564497,0,0
Frame_123.csv,0.0013091404689475894,0,0
Frame_1230.csv,0.0014036353677511215,0,0
Frame_1231.csv,0.0013020068872720003,0,0
Frame_1232.csv,0.0014246111968532205,0,0
Frame_1233.csv,0.0013849720126017928,0,0
Frame_1234.csv,0.0013407383812591434,0,0
Frame_1235.csv,0.0013728932244703174,0,0
Frame_1236.csv,0.0013140474911779165,0,0
Frame_1237.csv,0.0012775456998497248,0,0
Frame_1238.csv,0.0013552472228184342,0,0
Frame_1239.csv,0.0013404444325715303,0,0
Frame_124.csv,0.0015392480418086052,0,0
Frame_1240.csv,0.0012800002004951239,0,0
Frame_1241.csv,0.0013303200248628855,0,0
Frame_1242.csv,0.0012830398045480251,0,0
Frame_1243.csv,0.0013131611049175262,0,0
Frame_1244.csv,0.0012853891821578145,0,0
Frame_1245.csv,0.0011970489285886288,0,0
Frame_1246.csv,0.0013064747909083962,0,0
Frame_1247.csv,0.0013328419299796224,0,0
Frame_1248.csv,0.0013660185504704714,0,0
Frame_1249.csv,0.0013213407946750522,0,0
Frame_125.csv,0.0013922093203291297,0,0
Frame_1250.csv,0.0012878426350653172,0,0
Frame_1251.csv,0.0013081146171316504,0,0
Frame_1252.csv,0.0012822475982829928,0,0
Frame_1253.csv,0.0013225272996351123,0,0
Frame_1254.csv,0.001294715330004692,0,0
Frame_1255.csv,0.0014086825540289283,0,0
Frame_1256.csv,0.0014014438493177295,0,0
Frame_1257.csv,0.0014365505194291472,0,0
Frame_1258.csv,0.0014168707421049476,0,0
Frame_1259.csv,0.0015527756186202168,0,0
Frame_126.csv,0.0012994804419577122,0,0
Frame_1260.csv,0.0013745600590482354,0,0
Frame_1261.csv,0.001441949512809515,0,0
Frame_1262.csv,0.0014214087277650833,0,0
Frame_1263.csv,0.0012881237780675292,0,0
Frame_1264.csv,0.0012539500603452325,0,0
Frame_1265.csv,0.0013426268706098199,0,0
Frame_1266.csv,0.001399609143845737,0,0
Frame_1267.csv,0.0013687198515981436,0,0
Frame_1268.csv,0.0013055577874183655,0,0
Frame_1269.csv,0.0013885473599657416,0,0
Frame_127.csv,0.001343919662758708,0,0
Frame_1270.csv,0.0012044984614476562,0,0
Frame_1271.csv,0.0012585214572027326,0,0
Frame_1272.csv,0.0011693116975948215,0,0
Frame_1273.csv,0.0011627268977463245,0,0
Frame_1274.csv,0.0014220064040273428,0,0
Frame_1275.csv,0.0015185594093054533,0,0
Frame_1276.csv,0.001426513073965907,0,0
Frame_1277.csv,0.0013602995313704014,0,0
Frame_1278.csv,0.001334593747742474,0,0
Frame_1279.csv,0.001359295449219644,0,0
Frame_128.csv,0.0014654292026534677,0,0
Frame_1280.csv,0.0013007690431550145,0,0
Frame_1281.csv,0.0013557920465245843,0,0
Frame_1282.csv,0.0012939971638843417,0,0
Frame_1283.csv,0.0013127895072102547,0,0
Frame_1284.csv,0.00116411701310426,0,0
Frame_1285.csv,0.0011922986013814807,0,0
Frame_1286.csv,0.0014106095768511295,0,0
Frame_1287.csv,0.0012686527334153652,0,0
Frame_1288.csv,0.0013265766901895404,0,0
Frame_1289.csv,0.001293456880375743,0,0
Frame_129.csv,0.0012812293134629726,0,0
Frame_1290.csv,0.0013824714114889503,0,0
Frame_1291.csv,0.0012863503070548177,0,0
Frame_1292.csv,0.0013403635239228606,0,0
Frame_1293.csv,0.0012858674162998796,0,0
Frame_1294.csv,0.001253692782483995,0,0
Frame_1295.csv,0.0014842362143099308,0,0
Frame_1296.csv,0.001305838581174612,0,0
Frame_1297.csv,0.0013477832544595003,0,0
Frame_1298.csv,0.00131425226572901,0,0
Frame_1299.csv,0.0012637829640880227,0,0
Frame_13.csv,0.0021188328973948956,1,1
Frame_130.csv,0.0012508602812886238,0,0
Frame_1300.csv,0.0012735796626657248,0,0
Frame_1301.csv,0.0013736607506871223,0,0
Frame_1302.csv,0.0012885003816336393,0,0
Frame_1303.csv,0.0014266333309933543,0,0
Frame_1304.csv,0.0013396020513027906,0,0
Frame_1305.csv,0.0013830785173922777,0,0
Frame_1306.csv,0.0013085324317216873,0,0
Frame_1307.csv,0.001286002923734486,0,0
Frame_1308.csv,0.0013250927440822124,0,0
Frame_1309.csv,0.0012770738685503602,0,0
Frame_131.csv,0.0013253793586045504,0,0
Frame_1310.csv,0.0012897159904241562,0,0
Frame_1311.csv,0.0013273752992972732,0,0
Frame_1312.csv,0.0012990233954042196,0,0
Frame_1313.csv,0.0012850346975028515,0,0
Frame_1314.csv,0.0013415457215160131,0,0
Frame_1315.csv,0.001289557316340506,0,0
Frame_1316.csv,0.001335680135525763,0,0
Frame_1317.csv,0.0012761927209794521,0,0
Frame_1318.csv,0.0013001655461266637,0,0
Frame_1319.csv,0.0013396143913269043,0,0
Frame_132.csv,0.001313203596509993,0,0
Frame_1320.csv,0.0012603455688804388,0,0
Frame_1321.csv,0.0011645043268799782,0,0
Frame_1322.csv,0.0012760264798998833,0,0
Frame_1323.csv,0.0013170158490538597,0,0
Frame_1324.csv,0.0013639852404594421,0,0
Frame_1325.csv,0.0014412464806810021,0,0
Frame_1326.csv,0.002155700698494911,1,1
Frame_1327.csv,0.0014549961779266596,0,0
Frame_1328.csv,0.0013029677793383598,0,0
Frame_1329.csv,0.001301300129853189,0,0
Frame_133.csv,0.0013816436985507607,0,0
Frame_1330.csv,0.0016780964797362685,1,0
Frame_1331.csv,0.0013063655933365226,0,0
Frame_1332.csv,0.0014098574174568057,0,0
Frame_1333.csv,0.0013319972204044461,0,0
Frame_1334.csv,0.0013328370405361056,0,0
Frame_1335.csv,0.0013173462357372046,0,0
Frame_1336.csv,0.0012965045170858502,0,0
Frame_1337.csv,0.0011632032692432404,0,0
Frame_1338.csv,0.001326930127106607,0,0
Frame_1339.csv,0.0013583666877821088,0,0
Frame_134.csv,0.0017526875017210841,1,0
Frame_1340.csv,0.0014142910949885845,0,0
Frame_1341.csv,0.001267936429940164,0,0
Frame_1342.csv,0.0012831357307732105,0,0
Frame_1343.csv,0.00129824283067137,0,0
Frame_1344.csv,0.0013396503636613488,0,0
Frame_1345.csv,0.0013107527047395706,0,0
Frame_1346.csv,0.0013073949376121163,0,0
Frame_1347.csv,0.0013603565748780966,0,0
Frame_1348.csv,0.0013228047173470259,0,0
Frame_1349.csv,0.0013006861554458737,0,0
Frame_135.csv,0.0014807977713644505,0,0
Frame_1350.csv,0.001423606532625854,0,0
Frame_1351.csv,0.0011819364735856652,0,0
Frame_1352.csv,0.0012628077529370785,0,0
Frame_1353.csv,0.0013445009244605899,0,0
Frame_1354.csv,0.0012693277094513178,0,0
Frame_1355.csv,0.0011865573469549417,0,0
Frame_1356.csv,0.001431010663509369,0,0
Frame_1357.csv,0.0014221392339095473,0,0
Frame_1358.csv,0.0014694497222080827,0,0
Frame_1359.csv,0.0013365072663873434,0,0
Frame_136.csv,0.0014521768316626549,0,0
Frame_1360.csv,0.0013165590353310108,0,0
Frame_1361.csv,0.0013351165689527988,0,0
Frame_1362.csv,0.0011631023371592164,0,0
Frame_1363.csv,0.0012914733961224556,0,0
Frame_1364.csv,0.0013549509458243847,0,0
Frame_1365.csv,0.0012969695962965488,0,0
Frame_1366.csv,0.0013038443867117167,0,0
Frame_1367.csv,0.0014189165085554123,0,0
Frame_1368.csv,0.0013810957316309214,0,0
Frame_1369.csv,0.0013149898732081056,0,0
Frame_137.csv,0.001432372722774744,0,0
Frame_1370.csv,0.001305685844272375,0,0
Frame_1371.csv,0.001454961602576077,0,0
Frame_1372.csv,0.0012615040177479386,0,0
Frame_1373.csv,0.0013306115288287401,0,0
Frame_1374.csv,0.001258408767171204,0,0
Frame_1375.csv,0.0015177351888269186,0,0
Frame_1376.csv,0.0012209549313411117,0,0
Frame_1377.csv,0.0013147928984835744,0,0
Frame_1378.csv,0.0012975018471479416,0,0
Frame_1379.csv,0.0013646199367940426,0,0
Frame_138.csv,0.0015769473975524306,0,0
Frame_1380.csv,0.0014272748958319426,0,0
Frame_1381.csv,0.0014029375743120909,0,0
Frame_1382.csv,0.0011976365931332111,0,0
Frame_1383.csv,0.0012970067327842116,0,0
Frame_1384.csv,0.0014527522725984454,0,0
Frame_1385.csv,0.0013792419340461493,0,0
Frame_1386.csv,0.0013098139315843582,0,0
Frame_1387.csv,0.0011834426550194621,0,0
Frame_1388.csv,0.0013044693041592836,0,0
Frame_1389.csv,0.0012831597123295069,0,0
Frame_139.csv,0.0013733231462538242,0,0
Frame_1390.csv,0.001289987936615944,0,0
Frame_1391.csv,0.0014462589751929045,0,0
Frame_1392.csv,0.0013034769799560308,0,0
Frame_1393.csv,0.0013702277792617679,0,0
Frame_1394.csv,0.0012329139281064272,0,0
Frame_1395.csv,0.0013245494337752461,0,0
Frame_1396.csv,0.0013202407862991095,0,0
Frame_1397.csv,0.0012813591165468097,0,0
Frame_1398.csv,0.0013646227307617664,0,0
Frame_1399.csv,0.0012902154121547937,0,0
Frame_14.csv,0.0018717474304139614,1,0
Frame_140.csv,0.0014320657355710864,0,0
Frame_1400.csv,0.0013898340985178947,0,0
Frame_1401.csv,0.0013993089087307453,0,0
Frame_1402.csv,0.0013887831009924412,0,0
Frame_1403.csv,0.001289612497203052,0,0
Frame_1404.csv,0.00144933199044317,0,0
Frame_1405.csv,0.001368453144095838,0,0
Frame_1406.csv,0.0012774369679391384,0,0
Frame_1407.csv,0.0014170955400913954,0,0
Frame_1408.csv,0.0014066293369978666,0,0
Frame_1409.csv,0.0012743446277454495,0,0
Frame_141.csv,0.0014346138341352344,0,0
Frame_1410.csv,0.0014385386602953076,0,0
Frame_1411.csv,0.0013704723678529263,0,0
Frame_1412.csv,0.0013942507794126868,0,0
Frame_1413.csv,0.0014324324438348413,0,0
Frame_1414.csv,0.0011903332779183984,0,0
Frame_1415.csv,0.0012851872015744448,0,0
Frame_1416.csv,0.0013900044141337276,0,0
Frame_1417.csv,0.0013186793075874448,0,0
Frame_1418.csv,0.00132828822825104,0,0
Frame_1419.csv,0.0013890553964301944,0,0
Frame_142.csv,0.0014723817585036159,0,0
Frame_1420.csv,0.0012760780518874526,0,0
Frame_1421.csv,0.001445522764697671,0,0
Frame_1422.csv,0.0012043253518640995,0,0
Frame_1423.csv,0.001405249466188252,0,0
Frame_1424.csv,0.001331087201833725,0,0
Frame_1425.csv,0.0013554501347243786,0,0
Frame_1426.csv,0.001422928529791534,0,0
Frame_1427.csv,0.0013043053913861513,0,0
Frame_1428.csv,0.0013222340494394302,0,0
Frame_1429.csv,0.0014106607995927334,0,0
Frame_143.csv,0.001320397830568254,0,0
Frame_1430.csv,0.0012812435161322355,0,0
Frame_1431.csv,0.0013110596919432282,0,0
Frame_1432.csv,0.0013998814392834902,0,0
Frame_1433.csv,0.0011761506320908666,0,0
Frame_1434.csv,0.0013860827311873436,0,0
Frame_1435.csv,0.0013150055892765522,0,0
Frame_1436.csv,0.0013102045049890876,0,0
Frame_1437.csv,0.0013048266991972923,0,0
Frame_1438.csv,0.00127954944036901,0,0
Frame_1439.csv,0.0012866773176938295,0,0
Frame_144.csv,0.0013769663637503982,0,0
Frame_1440.csv,0.0013094020541757345,0,0
Frame_1441.csv,0.0013093003071844578,0,0
Frame_1442.csv,0.0011935444781556726,0,0
Frame_1443.csv,0.0013408666709437966,0,0
Frame_1444.csv,0.0012859884882345796,0,0
Frame_1445.csv,0.0012759246164932847,0,0
Frame_1446.csv,0.001451723976060748,0,0
Frame_1447.csv,0.0013152873143553734,0,0
Frame_1448.csv,0.0014495090581476688,0,0
Frame_1449.csv,0.0011550053022801876,0,0
Frame_145.csv,0.0014055634383112192,0,0
Frame_1450.csv,0.001325020333752036,0,0
Frame_1451.csv,0.001259546261280775,0,0
Frame_1452.csv,0.0013326709158718586,0,0
Frame_1453.csv,0.001459958148188889,0,0
Frame_1454.csv,0.0013618450611829758,0,0
Frame_1455.csv,0.0014386895345523953,0,0
Frame_1456.csv,0.001405568327754736,0,0
Frame_1457.csv,0.001280930358916521,0,0
Frame_1458.csv,0.0013677822425961494,0,0
Frame_1459.csv,0.0011800475185737014,0,0
Frame_146.csv,0.0014483439736068249,0,0
Frame_1460.csv,0.0013006278313696384,0,0
Frame_1461.csv,0.0011904229177162051,0,0
Frame_1462.csv,0.0013145694974809885,0,0
Frame_1463.csv,0.0011745074298232794,0,0
Frame_1464.csv,0.0013340313453227282,0,0
Frame_1465.csv,0.0013725481694564223,0,0
Frame_1466.csv,0.0013511746656149626,0,0
Frame_1467.csv,0.00158404977992177,0,0
Frame_1468.csv,0.0013776893028989434,0,0
Frame_1469.csv,0.0013623289996758103,0,0
Frame_147.csv,0.0013975026085972786,0,0
Frame_1470.csv,0.0015616834862157702,0,0
Frame_1471.csv,0.0014043472474440932,0,0
Frame_1472.csv,0.0012776657240465283,0,0
Frame_1473.csv,0.00133301573805511,0,0
Frame_1474.csv,0.0012966578360646963,0,0
Frame_1475.csv,0.0013417809968814254,0,0
Frame_1476.csv,0.0012882633600383997,0,0
Frame_1477.csv,0.0012861088616773486,0,0
Frame_1478.csv,0.0013101331423968077,0,0
Frame_1479.csv,0.0013328434433788061,0,0
Frame_148.csv,0.0013128799619153142,0,0
Frame_1480.csv,0.001321509131230414,0,0
Frame_1481.csv,0.001273395144380629,0,0
Frame_1482.csv,0.0012696220073848963,0,0
Frame_1483.csv,0.0013270725030452013,0,0
Frame_1484.csv,0.0012802302371710539,0,0
Frame_1485.csv,0.0013339438010007143,0,0
Frame_1486.csv,0.0013445507502183318,0,0
Frame_1487.csv,0.0012973037082701921,0,0
Frame_1488.csv,0.0017722526099532843,1,0
Frame_1489.csv,0.0011948756873607635,0,0
Frame_149.csv,0.001389209064655006,0,0
Frame_1490.csv,0.0014323776122182608,0,0
Frame_1491.csv,0.0013619611272588372,0,0
Frame_1492.csv,0.0013717447873204947,0,0
Frame_1493.csv,0.0014544969890266657,0,0
Frame_1494.csv,0.0011456557549536228,0,0
Frame_1495.csv,0.001310899038799107,0,0
Frame_1496.csv,0.0014587908517569304,0,0
Frame_1497.csv,0.0015036710537970066,0,0
Frame_1498.csv,0.0014314022846519947,0,0
Frame_1499.csv,0.0013810371747240424,0,0
Frame_15.csv,0.0020461338572204113,1,0
Frame_150.csv,0.0013791134115308523,0,0
Frame_1500.csv,0.0014039796078577638,0,0
Frame_1501.csv,0.0013583903200924397,0,0
Frame_1502.csv,0.001386780757457018,0,0
Frame_1503.csv,0.0011700713075697422,0,0
Frame_1504.csv,0.0012999570462852716,0,0
Frame_1505.csv,0.0013105901889503002,0,0
Frame_1506.csv,0.0012179958866909146,0,0
Frame_1507.csv,0.0011777767213061452,0,0
Frame_1508.csv,0.0012519682059064507,0,0
Frame_1509.csv,0.0013837578007951379,0,0
Frame_151.csv,0.0013664151774719357,0,0
Frame_1510.csv,0.002723888959735632,1,1
Frame_1511.csv,0.0014498734381049871,0,0
Frame_1512.csv,0.0013107552658766508,0,0
Frame_1513.csv,0.0014698707964271307,0,0
Frame_1514.csv,0.0013284265296533704,0,0
Frame_1515.csv,0.0015553913544863462,0,0
Frame_1516.csv,0.0013220676919445395,0,0
Frame_1517.csv,0.0013103389646857977,0,0
Frame_1518.csv,0.0014230411034077406,0,0
Frame_1519.csv,0.0013147526187822223,0,0
Frame_152.csv,0.001392068574205041,0,0
Frame_1520.csv,0.001306548248976469,0,0
Frame_1521.csv,0.0013765455223619938,0,0
Frame_1522.csv,0.001296460279263556,0,0
Frame_1523.csv,0.0013096609618514776,0,0
Frame_1524.csv,0.0013404161436483264,0,0
Frame_1525.csv,0.0013826971407979727,0,0
Frame_1526.csv,0.0011582903098315,0,0
Frame_1527.csv,0.0012865480966866016,0,0
Frame_1528.csv,0.0013059700140729547,0,0
Frame_1529.csv,0.0012743596453219652,0,0
Frame_153.csv,0.00143772317096591,0,0
Frame_1530.csv,0.0013043939834460616,0,0
Frame_1531.csv,0.001301865093410015,0,0
Frame_1532.csv,0.0013189730234444141,0,0
Frame_1533.csv,0.0013577506178990006,0,0
Frame_1534.csv,0.0013195896754041314,0,0
Frame_1535.csv,0.0013013636926189065,0,0
Frame_1536.csv,0.0014877573121339083,0,0
Frame_1537.csv,0.0012895880499854684,0,0
Frame_1538.csv,0.0013053750153630972,0,0
Frame_1539.csv,0.0011517057428136468,0,0
Frame_154.csv,0.001312626525759697,0,0
Frame_1540.csv,0.0013248443137854338,0,0
Frame_1541.csv,0.0014009341830387712,0,0
Frame_1542.csv,0.0012738555669784546,0,0
Frame_1543.csv,0.0012929426738992333,0,0
Frame_1544.csv,0.001331714098341763,0,0
Frame_1545.csv,0.0013109673745930195,0,0
Frame_1546.csv,0.0012593005085363984,0,0
Frame_1547.csv,0.00142278999555856,0,0
Frame_1548.csv,0.0011737467721104622,0,0
Frame_1549.csv,0.0013517908519133925,0,0
Frame_155.csv,0.0012970620300620794,0,0
Frame_1550.csv,0.0012623941292986274,0,0
Frame_1551.csv,0.0013874127762392163,0,0
Frame_1552.csv,0.001232600538060069,0,0
Frame_1553.csv,0.0012607158860191703,0,0
Frame_1554.csv,0.0013116974150761962,0,0
Frame_1555.csv,0.0013183277333155274,0,0
Frame_1556.csv,0.0013004092033952475,0,0
Frame_1557.csv,0.0013018108438700438,0,0
Frame_1558.csv,0.0012868819758296013,0,0
Frame_1559.csv,0.0013752509839832783,0,0
Frame_156.csv,0.0012593755964189768,0,0
Frame_1560.csv,0.0013286368921399117,0,0
Frame_1561.csv,0.0013189935125410557,0,0
Frame_1562.csv,0.001294942107051611,0,0
Frame_1563.csv,0.0012807524763047695,0,0
Frame_1564.csv,0.00139799271710217,0,0
Frame_157.csv,0.0012892945669591427,0,0
Frame_158.csv,0.0013119503855705261,0,0
Frame_159.csv,0.0013093126472085714,0,0
Frame_16.csv,0.002301572822034359,1,1
Frame_160.csv,0.001591210369952023,0,0
Frame_161.csv,0.0014939421089366078,0,0
Frame_162.csv,0.0014584275195375085,0,0
Frame_163.csv,0.0014494364149868488,0,0
Frame_164.csv,0.0014197943964973092,0,0
Frame_165.csv,0.0015824723523110151,0,0
Frame_166.csv,0.001414619036950171,0,0
Frame_167.csv,0.001432814751751721,0,0
Frame_168.csv,0.00141899345908314,0,0
Frame_169.csv,0.0012688596034422517,0,0
Frame_17.csv,0.0021771725732833147,1,1
Frame_170.csv,0.0014952835626900196,0,0
Frame_171.csv,0.0013148641446605325,0,0
Frame_172.csv,0.0012924321927130222,0,0
Frame_173.csv,0.0013297101249918342,0,0
Frame_174.csv,0.0014599887654185295,0,0
Frame_175.csv,0.0013296861434355378,0,0
Frame_176.csv,0.0013393217232078314,0,0
Frame_177.csv,0.0013713869266211987,0,0
Frame_178.csv,0.0014521785778924823,0,0
Frame_179.csv,0.0013586902059614658,0,0
Frame_18.csv,0.002224354073405266,1,1
Frame_180.csv,0.0013388762017711997,0,0
Frame_181.csv,0.0013491357676684856,0,0
Frame_182.csv,0.0013026937376707792,0,0
Frame_183.csv,0.0013278689002618194,0,0
Frame_184.csv,0.0013338717399165034,0,0
Frame_185.csv,0.0013887392124161124,0,0
Frame_186.csv,0.0013416343135759234,0,0
Frame_187.csv,0.0013175506610423326,0,0
Frame_188.csv,0.0012664699461311102,0,0
Frame_189.csv,0.001212144154123962,0,0
Frame_19.csv,0.0017561744898557663,1,0
Frame_190.csv,0.0012924496550112963,0,0
Frame_191.csv,0.0014271287946030498,0,0
Frame_192.csv,0.001441490720026195,0,0
Frame_193.csv,0.001403034315444529,0,0
Frame_194.csv,0.0014557053800672293,0,0
Frame_195.csv,0.0014184158062562346,0,0
Frame_196.csv,0.001521080150268972,0,0
Frame_197.csv,0.0014240107266232371,0,0
Frame_198.csv,0.0013582728570327163,0,0
Frame_199.csv,0.001321704825386405,0,0
Frame_2.csv,0.002413589507341385,1,1
Frame_20.csv,0.0016223038546741009,1,0
Frame_200.csv,0.0015180908376350999,0,0
Frame_201.csv,0.0013262525899335742,0,0
Frame_202.csv,0.0012253854656592011,0,0
Frame_203.csv,0.0013700780691578984,0,0
Frame_204.csv,0.0012884670868515968,0,0
Frame_205.csv,0.001356875873170793,0,0
Frame_206.csv,0.0012620454654097557,0,0
Frame_207.csv,0.0012463930761441588,0,0
Frame_208.csv,0.0013431160477921367,0,0
Frame_209.csv,0.0014385998947545886,0,0
Frame_21.csv,0.0017156454268842936,1,0
Frame_210.csv,0.001303714350797236,0,0
Frame_211.csv,0.001299528288654983,0,0
Frame_212.csv,0.001300226547755301,0,0
Frame_213.csv,0.0012812807690352201,0,0
Frame_214.csv,0.0013048083055764437,0,0
Frame_215.csv,0.001321971183642745,0,0
Frame_216.csv,0.0021432070061564445,1,1
Frame_217.csv,0.0015969708329066634,0,0
Frame_218.csv,0.0015287642600014806,0,0
Frame_219.csv,0.0014198468998074532,0,0
Frame_22.csv,0.0017290840623900294,1,0
Frame_220.csv,0.001865395694039762,1,0
Frame_221.csv,0.0013739692512899637,0,0
Frame_222.csv,0.0013185740681365132,0,0
Frame_223.csv,0.0014907220611348748,0,0
Frame_224.csv,0.0013116447953507304,0,0
Frame_225.csv,0.0015137386508286,0,0
Frame_226.csv,0.0013211879413574934,0,0
Frame_227.csv,0.0012425958411768079,0,0
Frame_228.csv,0.0013022141065448523,0,0
Frame_229.csv,0.0011774710146710277,0,0
Frame_23.csv,0.0017158398404717445,1,0
Frame_230.csv,0.001322012161836028,0,0
Frame_231.csv,0.0011664953781291842,0,0
Frame_232.csv,0.0014665870694443583,0,0
Frame_233.csv,0.001284811063669622,0,0
Frame_234.csv,0.0013222919078543782,0,0
Frame_235.csv,0.0011544862063601613,0,0
Frame_236.csv,0.001309405080974102,0,0
Frame_237.csv,0.0012982534244656563,0,0
Frame_238.csv,0.0015582951018586755,0,0
Frame_239.csv,0.0014379078056663275,0,0
Frame_24.csv,0.0019536539912223816,1,0
Frame_240.csv,0.0014402905944734812,0,0
Frame_241.csv,0.0014045494608581066,0,0
Frame_242.csv,0.0013854940189048648,0,0
Frame_243.csv,0.001559984521009028,0,0
Frame_244.csv,0.0014076759107410908,0,0
Frame_245.csv,0.001287998165935278,0,0
Frame_246.csv,0.0013140324736014009,0,0
Frame_247.csv,0.0013158649671822786,0,0
Frame_248.csv,0.001373100676573813,0,0
Frame_249.csv,0.001389648881740868,0,0
Frame_25.csv,0.0015457073459401727,0,0
Frame_250.csv,0.0013064345112070441,0,0
Frame_251.csv,0.0013211608165875077,0,0
Frame_252.csv,0.0012785474536940455,0,0
Frame_253.csv,0.0013287528418004513,0,0
Frame_254.csv,0.001378872198984027,0,0
Frame_255.csv,0.0013180618407204747,0,0
Frame_256.csv,0.0012836605310440063,0,0
Frame_257.csv,0.0012670099968090653,0,0
Frame_258.csv,0.0013244677102193236,0,0
Frame_259.csv,0.0012879024725407362,0,0
Frame_26.csv,0.0018550994573161006,1,0
Frame_260.csv,0.0013040431076660752,0,0
Frame_261.csv,0.001254139468073845,0,0
Frame_262.csv,0.0012156525626778603,0,0
Frame_263.csv,0.0012819819385185838,0,0
Frame_264.csv,0.0012817056849598885,0,0
Frame_265.csv,0.0013420535251498222,0,0
Frame_266.csv,0.0015525193884968758,0,0
Frame_267.csv,0.0016103970119729638,1,0
Frame_268.csv,0.001699640997685492,1,0
Frame_269.csv,0.0014967645984143019,0,0
Frame_27.csv,0.0019364196341484785,1,0
Frame_270.csv,0.0013888891553506255,0,0
Frame_271.csv,0.0014059948734939098,0,0
Frame_272.csv,0.0012531914981082082,0,0
Frame_273.csv,0.00144357664976269,0,0
Frame_274.csv,0.0013903325889259577,0,0
Frame_275.csv,0.001310378429479897,0,0
Frame_276.csv,0.0013021210907027125,0,0
Frame_277.csv,0.0013554042670875788,0,0
Frame_278.csv,0.001294189365580678,0,0
Frame_279.csv,0.001363024115562439,0,0
Frame_28.csv,0.0016249141190201044,1,0
Frame_280.csv,0.0012915055267512798,0,0
Frame_281.csv,0.0012631298741325736,0,0
Frame_282.csv,0.0012881489237770438,0,0
Frame_283.csv,0.0013207761803641915,0,0
Frame_284.csv,0.0012739646481350064,0,0
Frame_285.csv,0.0012879357673227787,0,0
Frame_286.csv,0.0012765523279085755,0,0
Frame_287.csv,0.001313285087235272,0,0
Frame_288.csv,0.0013358568539842963,0,0
Frame_289.csv,0.001271066372282803,0,0
Frame_29.csv,0.0016143517568707466,1,0
Frame_290.csv,0.0013211958575993776,0,0
Frame_291.csv,0.001289941486902535,0,0
Frame_292.csv,0.0012784971622750163,0,0
Frame_293.csv,0.0013120321091264486,0,0
Frame_294.csv,0.0015576425939798355,0,0
Frame_295.csv,0.0013955271570011973,0,0
Frame_296.csv,0.0014442559331655502,0,0
Frame_297.csv,0.0013964400859549642,0,0
Frame_298.csv,0.0013044015504419804,0,0
Frame_299.csv,0.0013799115549772978,0,0
Frame_3.csv,0.0024969710502773523,1,1
Frame_30.csv,0.0017081935657188296,1,0
Frame_300.csv,0.0012782099656760693,0,0
Frame_301.csv,0.0012854906963184476,0,0
Frame_302.csv,0.0013230160111561418,0,0
Frame_303.csv,0.0011880246456712484,0,0
Frame_304.csv,0.0012915629195049405,0,0
Frame_305.csv,0.0013647266896441579,0,0
Frame_306.csv,0.0012880370486527681,0,0
Frame_307.csv,0.001188358524814248,0,0
Frame_308.csv,0.0013340865261852741,0,0
Frame_309.csv,0.0013179454253986478,0,0
Frame_31.csv,0.0016851922264322639,1,0
Frame_310.csv,0.0012892433442175388,0,0
Frame_311.csv,0.0013384964549914002,0,0
Frame_312.csv,0.0012788028689101338,0,0
Frame_313.csv,0.0012932688696309924,0,0
Frame_314.csv,0.0012722803512588143,0,0
Frame_315.csv,0.001279818476177752,0,0
Frame_316.csv,0.001811391324736178,1,0
Frame_317.csv,0.0015190241392701864,0,0
Frame_318.csv,0.0016775495605543256,1,0
Frame_319.csv,0.0014000984374433756,0,0
Frame_32.csv,0.0016462048515677452,1,0
Frame_320.csv,0.0013658086536452174,0,0
Frame_321.csv,0.0014012958854436874,0,0
Frame_322.csv,0.001331394538283348,0,0
Frame_323.csv,0.0014587108744308352,0,0
Frame_324.csv,0.001290945103392005,0,0
Frame_325.csv,0.0013118598144501448,0,0
Frame_326.csv,0.001391183235682547,0,0
Frame_327.csv,0.0013293165247887373,0,0
Frame_328.csv,0.0013468775432556868,0,0
Frame_329.csv,0.0013390716630965471,0,0
Frame_33.csv,0.0017139746341854334,1,0
Frame_330.csv,0.001447430462576449,0,0
Frame_331.csv,0.0012678866041824222,0,0
Frame_332.csv,0.0011960506672039628,0,0
Frame_333.csv,0.0013030848931521177,0,0
Frame_334.csv,0.0013149097794666886,0,0
Frame_335.csv,0.0012972960248589516,0,0
Frame_336.csv,0.0013053787406533957,0,0
Frame_337.csv,0.001294484012760222,0,0
Frame_338.csv,0.0013230274198576808,0,0
Frame_339.csv,0.001304577337577939,0,0
Frame_34.csv,0.001626615528948605,1,0
Frame_340.csv,0.0012376998784020543,0,0
Frame_341.csv,0.0013260330306366086,0,0
Frame_342.csv,0.0013181740650907159,0,0
Frame_343.csv,0.0012544664787128568,0,0
Frame_344.csv,0.0012717104982584715,0,0
Frame_345.csv,0.0012903804890811443,0,0
Frame_346.csv,0.0012777105439454317,0,0
Frame_347.csv,0.0012929385993629694,0,0
Frame_348.csv,0.001656988519243896,1,0
Frame_349.csv,0.001419997657649219,0,0
Frame_35.csv,0.0015508267097175121,0,0
Frame_350.csv,0.0015041111037135124,0,0
Frame_351.csv,0.0014399186475202441,0,0
Frame_352.csv,0.0014685834757983685,0,0
Frame_353.csv,0.0013883092906326056,0,0
Frame_354.csv,0.0013826941139996052,0,0
Frame_355.csv,0.0013089228887110949,0,0
Frame_356.csv,0.001224601292051375,0,0
Frame_357.csv,0.0014818443451076746,0,0
Frame_358.csv,0.001298059825785458,0,0
Frame_359.csv,0.0014277220470830798,0,0
Frame_36.csv,0.0014259403105825186,0,0
Frame_360.csv,0.001298960647545755,0,0
Frame_361.csv,0.0013234259095042944,0,0
Frame_362.csv,0.0013393494300544262,0,0
Frame_363.csv,0.0012921757297590375,0,0
Frame_364.csv,0.001325893448665738,0,0
Frame_365.csv,0.0011763422517105937,0,0
Frame_366.csv,0.0012870582286268473,0,0
Frame_367.csv,0.001372602884657681,0,0
Frame_368.csv,0.0012888791970908642,0,0
Frame_369.csv,0.0012627707328647375,0,0
Frame_37.csv,0.001534243579953909,0,0
Frame_370.csv,0.0011931322515010834,0,0
Frame_371.csv,0.0013028887333348393,0,0
Frame_372.csv,0.0013489644043147564,0,0
Frame_373.csv,0.0014634266262874007,0,0
Frame_374.csv,0.0014334461884573102,0,0
Frame_375.csv,0.0014270676765590906,0,0
Frame_376.csv,0.0013395226560533047,0,0
Frame_377.csv,0.001458070706576109,0,0
Frame_378.csv,0.0013482675421983004,0,0
Frame_379.csv,0.001211660448461771,0,0
Frame_38.csv,0.001485235057771206,0,0
Frame_380.csv,0.001289624022319913,0,0
Frame_381.csv,0.0011846761917695403,0,0
Frame_382.csv,0.0011787459952756763,0,0
Frame_383.csv,0.001191763556562364,0,0
Frame_384.csv,0.0013210130855441093,0,0
Frame_385.csv,0.0012622642097994685,0,0
Frame_386.csv,0.0013416311703622341,0,0
Frame_387.csv,0.0013144859112799168,0,0
Frame_388.csv,0.0012844112934544683,0,0
Frame_389.csv,0.0013153727632015944,0,0
Frame_39.csv,0.001431236625649035,0,0
Frame_390.csv,0.001334532629698515,0,0
Frame_391.csv,0.0013040193589404225,0,0
Frame_392.csv,0.0013067098334431648,0,0
Frame_393.csv,0.0015496885171160102,0,0
Frame_394.csv,0.0016514887101948261,1,0
Frame_395.csv,0.001359736081212759,0,0
Frame_396.csv,0.0014820233918726444,0,0
Frame_397.csv,0.0013097393093630672,0,0
Frame_398.csv,0.0014060701942071319,0,0
Frame_399.csv,0.0013389496598392725,0,0
Frame_4.csv,0.0024950394872576,1,1
Frame_40.csv,0.0014696267899125814,0,0
Frame_400.csv,0.0013695771340280771,0,0
Frame_401.csv,0.0013645458966493607,0,0
Frame_402.csv,0.0012231564614921808,0,0
Frame_403.csv,0.0014090667245909572,0,0
Frame_404.csv,0.0013299736892804503,0,0
Frame_405.csv,0.0013408293016254902,0,0
Frame_406.csv,0.001274896552786231,0,0
Frame_407.csv,0.0013109975261613727,0,0
Frame_408.csv,0.0011552901705726981,0,0
Frame_409.csv,0.0013672063359990716,0,0
Frame_41.csv,0.0014999010600149632,0,0
Frame_410.csv,0.001177808502689004,0,0
Frame_411.csv,0.0012944252230226994,0,0
Frame_412.csv,0.0012702636886388063,0,0
Frame_413.csv,0.0013029095716774464,0,0
Frame_414.csv,0.0013101218501105905,0,0
Frame_415.csv,0.0011481986148282886,0,0
Frame_416.csv,0.0012839992996305227,0,0
Frame_417.csv,0.0012988907983526587,0,0
Frame_418.csv,0.0018248779233545065,1,0
Frame_419.csv,0.0018262764206156135,1,0
Frame_42.csv,0.0015664830571040511,0,0
Frame_420.csv,0.0014117497485131025,0,0
Frame_421.csv,0.0013520752545446157,0,0
Frame_422.csv,0.0014491701731458306,0,0
Frame_423.csv,0.001467372989282012,0,0
Frame_424.csv,0.001634606160223484,1,0
Frame_425.csv,0.0013754458632320166,0,0
Frame_426.csv,0.0013129193102940917,0,0
Frame_427.csv,0.001295232679694891,0,0
Frame_428.csv,0.0013031071284785867,0,0
Frame_429.csv,0.0013381754979491234,0,0
Frame_43.csv,0.0014751172857359052,0,0
Frame_430.csv,0.0013156103668734431,0,0
Frame_431.csv,0.0012893746607005596,0,0
Frame_432.csv,0.0012822390999644995,0,0
Frame_433.csv,0.0013145672855898738,0,0
Frame_434.csv,0.0013224338181316853,0,0
Frame_435.csv,0.0012758189113810658,0,0
Frame_436.csv,0.00130910100415349,0,0
Frame_437.csv,0.0012972117401659489,0,0
Frame_438.csv,0.0012925502378493547,0,0
Frame_439.csv,0.0013339067809283733,0,0
Frame_44.csv,0.001397148473188281,0,0
Frame_440.csv,0.001264427904970944,0,0
Frame_441.csv,0.0013293602969497442,0,0
Frame_442.csv,0.001252701971679926,0,0
Frame_443.csv,0.0013161195674911141,0,0
Frame_444.csv,0.0012981778709217906,0,0
Frame_445.csv,0.0012711314484477043,0,0
Frame_446.csv,0.0013004387728869915,0,0
Frame_447.csv,0.001261092140339315,0,0
Frame_448.csv,0.0012712139869108796,0,0
Frame_449.csv,0.001328966929577291,0,0
Frame_45.csv,0.0015098006697371602,0,0
Frame_450.csv,0.0012505638878792524,0,0
Frame_451.csv,0.001397926826030016,0,0
Frame_452.csv,0.001267860527150333,0,0
Frame_453.csv,0.0015993955312296748,0,0
Frame_454.csv,0.0012877908302471042,0,0
Frame_455.csv,0.001384544069878757,0,0
Frame_456.csv,0.0014748977264389396,0,0
Frame_457.csv,0.001303979428485036,0,0
Frame_458.csv,0.0013011255068704486,0,0
Frame_459.csv,0.0014287206577137113,0,0
Frame_46.csv,0.0014650074299424887,0,0
Frame_460.csv,0.001294294954277575,0,0
Frame_461.csv,0.0014033745974302292,0,0
Frame_462.csv,0.0014127186732366681,0,0
Frame_463.csv,0.0013239614199846983,0,0
Frame_464.csv,0.0013239172985777259,0,0
Frame_465.csv,0.0012714623007923365,0,0
Frame_466.csv,0.0012611181009560823,0,0
Frame_467.csv,0.0013131038285791874,0,0
Frame_468.csv,0.001305146375671029,0,0
Frame_469.csv,0.0013617604272440076,0,0
Frame_47.csv,0.0013019073521718383,0,0
Frame_470.csv,0.001377298031002283,0,0
Frame_471.csv,0.0013240646803751588,0,0
Frame_472.csv,0.0012825289741158485,0,0
Frame_473.csv,0.0012873009545728564,0,0
Frame_474.csv,0.0012628688709810376,0,0
Frame_475.csv,0.0012546138605102897,0,0
Frame_476.csv,0.0012865526368841529,0,0
Frame_477.csv,0.0012626255629584193,0,0
Frame_478.csv,0.001280962023884058,0,0
Frame_479.csv,0.001290386775508523,0,0
Frame_48.csv,0.0013594994088634849,0,0
Frame_480.csv,0.0012889835052192211,0,0
Frame_481.csv,0.001314485794864595,0,0
Frame_482.csv,0.0013354740804061294,0,0
Frame_483.csv,0.0011708452366292477,0,0
Frame_484.csv,0.0016493641305714846,1,0
Frame_485.csv,0.0012845871970057487,0,0
Frame_486.csv,0.0013308400521054864,0,0
Frame_487.csv,0.001365010510198772,0,0
Frame_488.csv,0.0014149689814075828,0,0
Frame_489.csv,0.0014042083639651537,0,0
Frame_49.csv,0.0014717538142576814,0,0
Frame_490.csv,0.0013465194497257471,0,0
Frame_491.csv,0.00137995311524719,0,0
Frame_492.csv,0.0014406262198463082,0,0
Frame_493.csv,0.001313479500822723,0,0
Frame_494.csv,0.0013467844109982252,0,0
Frame_495.csv,0.001243594684638083,0,0
Frame_496.csv,0.0014591608196496964,0,0
Frame_497.csv,0.0012896760599687696,0,0
Frame_498.csv,0.0013066172832623124,0,0
Frame_499.csv,0.0012946495553478599,0,0
Frame_5.csv,0.0023560021072626114,1,1
Frame_50.csv,0.0015532072866335511,0,0
Frame_500.csv,0.0013027474051341414,0,0
Frame_501.csv,0.0013190524186939,0,0
Frame_502.csv,0.0012635160237550735,0,0
Frame_503.csv,0.0012990483082830906,0,0
Frame_504.csv,0.0011474834755063057,0,0
Frame_505.csv,0.0012658393243327737,0,0
Frame_506.csv,0.0012982942862436175,0,0
Frame_507.csv,0.001357117434963584,0,0
Frame_508.csv,0.0012867964105680585,0,0
Frame_509.csv,0.0011683669872581959,0,0
Frame_51.csv,0.0014284875942394137,0,0
Frame_510.csv,0.001700243796221912,1,0
Frame_511.csv,0.0013673879439011216,0,0
Frame_512.csv,0.0013858531601727009,0,0
Frame_513.csv,0.00143015431240201,0,0
Frame_514.csv,0.0014077996602281928,0,0
Frame_515.csv,0.0012969303643330932,0,0
Frame_516.csv,0.0013420649338513613,0,0
Frame_517.csv,0.0013112494489178061,0,0
Frame_518.csv,0.0012872517108917236,0,0
Frame_519.csv,0.001354009611532092,0,0
Frame_52.csv,0.0032887603156268597,1,1
Frame_520.csv,0.001481700106523931,0,0
Frame_521.csv,0.0012825151206925511,0,0
Frame_522.csv,0.0013293708907440305,0,0
Frame_523.csv,0.001270872657187283,0,0
Frame_524.csv,0.0012856980320066214,0,0
Frame_525.csv,0.0012971331598237157,0,0
Frame_526.csv,0.0013377717696130276,0,0
Frame_527.csv,0.0012827966129407287,0,0
Frame_528.csv,0.0012839563423767686,0,0
Frame_529.csv,0.0011940296972170472,0,0
Frame_53.csv,0.0015354877104982734,0,0
Frame_530.csv,0.0013894839212298393,0,0
Frame_531.csv,0.0012799793621525168,0,0
Frame_532.csv,0.0012838576221838593,0,0
Frame_533.csv,0.0012808894971385598,0,0
Frame_534.csv,0.0012767617590725422,0,0
Frame_535.csv,0.00128344283439219,0,0
Frame_536.csv,0.001332892570644617,0,0
Frame_537.csv,0.001278318464756012,0,0
Frame_538.csv,0.001560429111123085,0,0
Frame_539.csv,0.0013205430004745722,0,0
Frame_54.csv,0.0017364217201247811,1,0
Frame_540.csv,0.0014263882767409086,0,0
Frame_541.csv,0.0016724963206797838,1,0
Frame_542.csv,0.0014413506723940372,0,0
Frame_543.csv,0.0014118694234639406,0,0
Frame_544.csv,0.0013955675531178713,0,0
Frame_545.csv,0.001410466036759317,0,0
Frame_546.csv,0.0012855557724833488,0,0
Frame_547.csv,0.001354479813016951,0,0
Frame_548.csv,0.001426049624569714,0,0
Frame_549.csv,0.001290487009100616,0,0
Frame_55.csv,0.0014604097232222557,0,0
Frame_550.csv,0.0011822143569588661,0,0
Frame_551.csv,0.0013109371066093445,0,0
Frame_552.csv,0.0012642360525205731,0,0
Frame_553.csv,0.0012905787443742156,0,0
Frame_554.csv,0.001424157526344061,0,0
Frame_555.csv,0.0013565652770921588,0,0
Frame_556.csv,0.0013700012350454926,0,0
Frame_557.csv,0.00117058667819947,0,0
Frame_558.csv,0.001282928278669715,0,0
Frame_559.csv,0.001244136830791831,0,0
Frame_56.csv,0.0014440444065257907,0,0
Frame_560.csv,0.0013216733932495117,0,0
Frame_561.csv,0.0013005107175558805,0,0
Frame_562.csv,0.0012680788058787584,0,0
Frame_563.csv,0.0011917504016309977,0,0
Frame_564.csv,0.001057220040820539,0,0
Frame_565.csv,0.001451673568226397,0,0
Frame_566.csv,0.001445283880457282,0,0
Frame_567.csv,0.0014450181042775512,0,0
Frame_568.csv,0.001325739431194961,0,0
Frame_569.csv,0.0013103297678753734,0,0
Frame_57.csv,0.0014782840153202415,0,0
Frame_570.csv,0.0014057086082175374,0,0
Frame_571.csv,0.001490204711444676,0,0
Frame_572.csv,0.001325439428910613,0,0
Frame_573.csv,0.0013661572011187673,0,0
Frame_574.csv,0.001333927852101624,0,0
Frame_575.csv,0.0013360381126403809,0,0
Frame_576.csv,0.0014210466761142015,0,0
Frame_577.csv,0.0014386564726009965,0,0
Frame_578.csv,0.0012885347241535783,0,0
Frame_579.csv,0.0012599934125319123,0,0
Frame_58.csv,0.0015610409900546074,0,0
Frame_580.csv,0.0012863801093772054,0,0
Frame_581.csv,0.0013423943892121315,0,0
Frame_582.csv,0.001289453124627471,0,0
Frame_583.csv,0.0013168997829779983,0,0
Frame_584.csv,0.0013816793216392398,0,0
Frame_585.csv,0.0013919423799961805,0,0
Frame_586.csv,0.0013895034790039062,0,0
Frame_587.csv,0.0012814885703846812,0,0
Frame_588.csv,0.0013680472038686275,0,0
Frame_589.csv,0.0012668053386732936,0,0
Frame_59.csv,0.0014210483059287071,0,0
Frame_590.csv,0.0013455790467560291,0,0
Frame_591.csv,0.0012496133567765355,0,0
Frame_592.csv,0.001360974507406354,0,0
Frame_593.csv,0.001304255798459053,0,0
Frame_594.csv,0.0013484957162290812,0,0
Frame_595.csv,0.0013509204145520926,0,0
Frame_596.csv,0.0012901641894131899,0,0
Frame_597.csv,0.0013238213723525405,0,0
Frame_598.csv,0.0014107752358540893,0,0
Frame_599.csv,0.0013314227107912302,0,0
Frame_6.csv,0.002191482810303569,1,1
Frame_60.csv,0.0013476555468514562,0,0
Frame_600.csv,0.001307132770307362,0,0
Frame_601.csv,0.0012928544310852885,0,0
Frame_602.csv,0.0012980378232896328,0,0
Frame_603.csv,0.0013639995595440269,0,0
Frame_604.csv,0.0011747180251404643,0,0
Frame_605.csv,0.0013089971616864204,0,0
Frame_606.csv,0.0012482800520956516,0,0
Frame_607.csv,0.0013466402888298035,0,0
Frame_608.csv,0.0011548135662451386,0,0
Frame_609.csv,0.001281276228837669,0,0
Frame_61.csv,0.0015592173440381885,0,0
Frame_610.csv,0.0012783452402800322,0,0
Frame_611.csv,0.001297430251725018,0,0
Frame_612.csv,0.0013588699512183666,0,0
Frame_613.csv,0.0019162773387506604,1,0
Frame_614.csv,0.001469317707233131,0,0
Frame_615.csv,0.0016625352436676621,1,0
Frame_616.csv,0.001424225396476686,0,0
Frame_617.csv,0.0013561152154579759,0,0
Frame_618.csv,0.0013993879547342658,0,0
Frame_619.csv,0.0013027434470131993,0,0
Frame_62.csv,0.0015142972115427256,0,0
Frame_620.csv,0.0012909102952107787,0,0
Frame_621.csv,0.0013838795712217689,0,0
Frame_622.csv,0.0013289793860167265,0,0
Frame_623.csv,0.0013309785863384604,0,0
Frame_624.csv,0.001327139907516539,0,0
Frame_625.csv,0.0013960154028609395,0,0
Frame_626.csv,0.001275685615837574,0,0
Frame_627.csv,0.0013188599841669202,0,0
Frame_628.csv,0.0012941149761900306,0,0
Frame_629.csv,0.0012183368671685457,0,0
Frame_63.csv,0.00144292286131531,0,0
Frame_630.csv,0.0012889490462839603,0,0
Frame_631.csv,0.0012921154266223311,0,0
Frame_632.csv,0.0013707899488508701,0,0
Frame_633.csv,0.0012766416184604168,0,0
Frame_634.csv,0.0012677290942519903,0,0
Frame_635.csv,0.0012669842690229416,0,0
Frame_636.csv,0.0012893655803054571,0,0
Frame_637.csv,0.0012791346525773406,0,0
Frame_638.csv,0.0013566984562203288,0,0
Frame_639.csv,0.0013061395147815347,0,0
Frame_64.csv,0.0014199884608387947,0,0
Frame_640.csv,0.0013947418192401528,0,0
Frame_641.csv,0.0014834976755082607,0,0
Frame_642.csv,0.0013570557348430157,0,0
Frame_643.csv,0.0013473178260028362,0,0
Frame_644.csv,0.0014963159337639809,0,0
Frame_645.csv,0.0013788442593067884,0,0
Frame_646.csv,0.0012109976960346103,0,0
Frame_647.csv,0.0014176914701238275,0,0
Frame_648.csv,0.0013402417534962296,0,0
Frame_649.csv,0.0012570807011798024,0,0
Frame_65.csv,0.0015164300566539168,0,0
Frame_650.csv,0.0013245644513517618,0,0
Frame_651.csv,0.0012827955652028322,0,0
Frame_652.csv,0.0013076268369331956,0,0
Frame_653.csv,0.0014844364486634731,0,0
Frame_654.csv,0.0014322559582069516,0,0
Frame_655.csv,0.0013182053808122873,0,0
Frame_656.csv,0.0012981301406398416,0,0
Frame_657.csv,0.0012658657506108284,0,0
Frame_658.csv,0.0012680088402703404,0,0
Frame_659.csv,0.0013366019120439887,0,0
Frame_66.csv,0.0013930394779890776,0,0
Frame_660.csv,0.001319353235885501,0,0
Frame_661.csv,0.0013269481714814901,0,0
Frame_662.csv,0.0012597927125170827,0,0
Frame_663.csv,0.0013496145838871598,0,0
Frame_664.csv,0.0013676974922418594,0,0
Frame_665.csv,0.0013058999320492148,0,0
Frame_666.csv,0.0013083650264889002,0,0
Frame_667.csv,0.0014767814427614212,0,0
Frame_668.csv,0.0013723535230383277,0,0
Frame_669.csv,0.0013778971042484045,0,0
Frame_67.csv,0.0015337362419813871,0,0
Frame_670.csv,0.0013063380029052496,0,0
Frame_671.csv,0.0013931368011981249,0,0
Frame_672.csv,0.001390962628647685,0,0
Frame_673.csv,0.0012951325625181198,0,0
Frame_674.csv,0.001428002491593361,0,0
Frame_675.csv,0.0013345254119485617,0,0
Frame_676.csv,0.0013426330406218767,0,0
Frame_677.csv,0.0012920118169859052,0,0
Frame_678.csv,0.0014452787581831217,0,0
Frame_679.csv,0.0014750874834135175,0,0
Frame_68.csv,0.0014479303499683738,0,0
Frame_680.csv,0.0012681859079748392,0,0
Frame_681.csv,0.00129165209364146,0,0
Frame_682.csv,0.0011429459555074573,0,0
Frame_683.csv,0.0011648491490632296,0,0
Frame_684.csv,0.001351385610178113,0,0
Frame_685.csv,0.0012926510535180569,0,0
Frame_686.csv,0.0012575822183862329,0,0
Frame_687.csv,0.0013302661245688796,0,0
Frame_688.csv,0.0012871614890173078,0,0
Frame_689.csv,0.001320810872130096,0,0
Frame_69.csv,0.00143328751437366,0,0
Frame_690.csv,0.0012672145385295153,0,0
Frame_691.csv,0.001438459032215178,0,0
Frame_692.csv,0.0014718757010996342,0,0
Frame_693.csv,0.001561335171572864,0,0
Frame_694.csv,0.0013530857395380735,0,0
Frame_695.csv,0.0014299893518909812,0,0
Frame_696.csv,0.0012764291604980826,0,0
Frame_697.csv,0.0013271869393065572,0,0
Frame_698.csv,0.0013637468218803406,0,0
Frame_699.csv,0.0014948024181649089,0,0
Frame_7.csv,0.0022340037394315004,1,1
Frame_70.csv,0.0014963250141590834,0,0
Frame_700.csv,0.0012990616960451007,0,0
Frame_701.csv,0.0013593549374490976,0,0
Frame_702.csv,0.0013480073539540172,0,0
Frame_703.csv,0.0013714719098061323,0,0
Frame_704.csv,0.001354291569441557,0,0
Frame_705.csv,0.0013565856497734785,0,0
Frame_706.csv,0.0012620704947039485,0,0
Frame_707.csv,0.001262623816728592,0,0
Frame_708.csv,0.001301816082559526,0,0
Frame_709.csv,0.001306238118559122,0,0
Frame_71.csv,0.0014224285259842873,0,0
Frame_710.csv,0.001273653469979763,0,0
Frame_711.csv,0.0014047010336071253,0,0
Frame_712.csv,0.001289616571739316,0,0
Frame_713.csv,0.0012966697104275227,0,0
Frame_714.csv,0.0012538670562207699,0,0
Frame_715.csv,0.0013150556478649378,0,0
Frame_716.csv,0.001296559232287109,0,0
Frame_717.csv,0.0012814549263566732,0,0
Frame_718.csv,0.0013104808749631047,0,0
Frame_719.csv,0.0012735490454360843,0,0
Frame_72.csv,0.0013757888227701187,0,0
Frame_720.csv,0.0012970686657354236,0,0
Frame_721.csv,0.001261197729036212,0,0
Frame_722.csv,0.0013136480702087283,0,0
Frame_723.csv,0.0012772118207067251,0,0
Frame_724.csv,0.0018267689738422632,1,0
Frame_725.csv,0.0013450434198603034,0,0
Frame_726.csv,0.0013098438503220677,0,0
Frame_727.csv,0.0014889915473759174,0,0
Frame_728.csv,0.0017432445893064141,1,0
Frame_729.csv,0.001271877670660615,0,0
Frame_73.csv,0.0013291301438584924,0,0
Frame_730.csv,0.001281437580473721,0,0
Frame_731.csv,0.0012477695709094405,0,0
Frame_732.csv,0.0013008579844608903,0,0
Frame_733.csv,0.0013541786465793848,0,0
Frame_734.csv,0.0016317737754434347,1,0
Frame_735.csv,0.001358560984954238,0,0
Frame_736.csv,0.0013085101963952184,0,0
Frame_737.csv,0.0013180224923416972,0,0
Frame_738.csv,0.0012926243944093585,0,0
Frame_739.csv,0.0013217092491686344,0,0
Frame_74.csv,0.0014761150814592838,0,0
Frame_740.csv,0.001315301633439958,0,0
Frame_741.csv,0.001397439045831561,0,0
Frame_742.csv,0.0012622493086382747,0,0
Frame_743.csv,0.0013008876703679562,0,0
Frame_744.csv,0.001238292665220797,0,0
Frame_745.csv,0.0013137069763615727,0,0
Frame_746.csv,0.001376698142848909,0,0
Frame_747.csv,0.0013348874635994434,0,0
Frame_748.csv,0.0013914783485233784,0,0
Frame_749.csv,0.0012537587899714708,0,0
Frame_75.csv,0.001371638965792954,0,0
Frame_750.csv,0.0015529874945059419,0,0
Frame_751.csv,0.0014396535698324442,0,0
Frame_752.csv,0.0013251869240775704,0,0
Frame_753.csv,0.0014172616647556424,0,0
Frame_754.csv,0.0013675178634002805,0,0
Frame_755.csv,0.0013386905193328857,0,0
Frame_756.csv,0.0013876294251531363,0,0
Frame_757.csv,0.0014406164409592748,0,0
Frame_758.csv,0.00143178622238338,0,0
Frame_759.csv,0.0014395253965631127,0,0
Frame_76.csv,0.0013285117456689477,0,0
Frame_760.csv,0.0014514588983729482,0,0
Frame_761.csv,0.0011776556493714452,0,0
Frame_762.csv,0.0013017973396927118,0,0
Frame_763.csv,0.001342343632131815,0,0
Frame_764.csv,0.0013257487444207072,0,0
Frame_765.csv,0.001242712838575244,0,0
Frame_766.csv,0.0014090987388044596,0,0
Frame_767.csv,0.0014048469020053744,0,0
Frame_768.csv,0.001234265509992838,0,0
Frame_769.csv,0.0012777176452800632,0,0
Frame_77.csv,0.0013902478385716677,0,0
Frame_770.csv,0.0013026973465457559,0,0
Frame_771.csv,0.0013310438953340054,0,0
Frame_772.csv,0.0013838853919878602,0,0
Frame_773.csv,0.0013003613566979766,0,0
Frame_774.csv,0.001307437545619905,0,0
Frame_775.csv,0.0011902315309271216,0,0
Frame_776.csv,0.0016640459652990103,1,0
Frame_777.csv,0.0012691153679043055,0,0
Frame_778.csv,0.0012822754215449095,0,0
Frame_779.csv,0.0014036571374163032,0,0
Frame_78.csv,0.0015765673015266657,0,0
Frame_780.csv,0.0013894785661250353,0,0
Frame_781.csv,0.0013613359769806266,0,0
Frame_782.csv,0.0016092078294605017,1,0
Frame_783.csv,0.0014684513444080949,0,0
Frame_784.csv,0.0013793635880574584,0,0
Frame_785.csv,0.0013143507530912757,0,0
Frame_786.csv,0.001295591238886118,0,0
Frame_787.csv,0.0013294713571667671,0,0
Frame_788.csv,0.0013104327954351902,0,0
Frame_789.csv,0.0012844789307564497,0,0
Frame_79.csv,0.001544997445307672,0,0
Frame_790.csv,0.001327075413428247,0,0
Frame_791.csv,0.0012856890680268407,0,0
Frame_792.csv,0.0013181868707761168,0,0
Frame_793.csv,0.001276309252716601,0,0
Frame_794.csv,0.0012739519588649273,0,0
Frame_795.csv,0.0013028261018916965,0,0
Frame_796.csv,0.001270188600756228,0,0
Frame_797.csv,0.0014520003460347652,0,0
Frame_798.csv,0.0013272648211568594,0,0
Frame_799.csv,0.0013260548003017902,0,0
Frame_8.csv,0.0018865774618461728,1,0
Frame_80.csv,0.00153763173148036,0,0
Frame_800.csv,0.0013035529991611838,0,0
Frame_801.csv,0.0012908640783280134,0,0
Frame_802.csv,0.0013220534892752767,0,0
Frame_803.csv,0.0013101475778967142,0,0
Frame_804.csv,0.0012804626021534204,0,0
Frame_805.csv,0.0012727862922474742,0,0
Frame_806.csv,0.0012989509850740433,0,0
Frame_807.csv,0.0013812994584441185,0,0
Frame_808.csv,0.0012686344562098384,0,0
Frame_809.csv,0.0014174508396536112,0,0
Frame_81.csv,0.0017699669115245342,1,0
Frame_810.csv,0.0015032468363642693,0,0
Frame_811.csv,0.0014343101065605879,0,0
Frame_812.csv,0.0014711315743625164,0,0
Frame_813.csv,0.001493502757512033,0,0
Frame_814.csv,0.0012839690316468477,0,0
Frame_815.csv,0.0013245830778032541,0,0
Frame_816.csv,0.0013413135893642902,0,0
Frame_817.csv,0.0013181500835344195,0,0
Frame_818.csv,0.0013263707514852285,0,0
Frame_819.csv,0.001422744244337082,0,0
Frame_82.csv,0.0015083752805367112,0,0
Frame_820.csv,0.001499149133451283,0,0
Frame_821.csv,0.0013253565412014723,0,0
Frame_822.csv,0.001274449983611703,0,0
Frame_823.csv,0.0013055396266281605,0,0
Frame_824.csv,0.0013072123983874917,0,0
Frame_825.csv,0.0013374178670346737,0,0
Frame_826.csv,0.0012640359345823526,0,0
Frame_827.csv,0.0012640567729249597,0,0
Frame_828.csv,0.0013619177043437958,0,0
Frame_829.csv,0.0013087294064462185,0,0
Frame_83.csv,0.0014907866716384888,0,0
Frame_830.csv,0.0013101940276101232,0,0
Frame_831.csv,0.0011686227517202497,0,0
Frame_832.csv,0.0013088176492601633,0,0
Frame_833.csv,0.0013069591950625181,0,0
Frame_834.csv,0.0014143030857667327,0,0
Frame_835.csv,0.0013924728846177459,0,0
Frame_836.csv,0.0013331207446753979,0,0
Frame_837.csv,0.0012899553403258324,0,0
Frame_838.csv,0.0013775615952908993,0,0
Frame_839.csv,0.0013516712933778763,0,0
Frame_84.csv,0.0018534832634031773,1,0
Frame_840.csv,0.0014713858254253864,0,0
Frame_841.csv,0.0013187973527237773,0,0
Frame_842.csv,0.0013419542228803039,0,0
Frame_843.csv,0.001324920216575265,0,0
Frame_844.csv,0.0014496021904051304,0,0
Frame_845.csv,0.0013223858550190926,0,0
Frame_846.csv,0.0013068075058981776,0,0
Frame_847.csv,0.0015462137525901198,0,0
Frame_848.csv,0.0013591988245025277,0,0
Frame_849.csv,0.001304009696468711,0,0
Frame_85.csv,0.0014876778004691005,0,0
Frame_850.csv,0.0013064671074971557,0,0
Frame_851.csv,0.0013429804239422083,0,0
Frame_852.csv,0.0012111497344449162,0,0
Frame_853.csv,0.0013164542615413666,0,0
Frame_854.csv,0.0014268337981775403,0,0
Frame_855.csv,0.001294853980652988,0,0
Frame_856.csv,0.0013544348767027259,0,0
Frame_857.csv,0.001353190978989005,0,0
Frame_858.csv,0.0012087259674444795,0,0
Frame_859.csv,0.0012713157339021564,0,0
Frame_86.csv,0.0016762511804699898,1,0
Frame_860.csv,0.0014143668813630939,0,0
Frame_861.csv,0.0016821118770167232,1,0
Frame_862.csv,0.0013795198174193501,0,0
Frame_863.csv,0.0014421000378206372,0,0
Frame_864.csv,0.001377022941596806,0,0
Frame_865.csv,0.0014090159675106406,0,0
Frame_866.csv,0.0013240929692983627,0,0
Frame_867.csv,0.0013971773441880941,0,0
Frame_868.csv,0.0012716627679765224,0,0
Frame_869.csv,0.0013058282202109694,0,0
Frame_87.csv,0.0014169019414111972,0,0
Frame_870.csv,0.0014277255395427346,0,0
Frame_871.csv,0.0013877912424504757,0,0
Frame_872.csv,0.001284860773012042,0,0
Frame_873.csv,0.0013461512280628085,0,0
Frame_874.csv,0.001313775428570807,0,0
Frame_875.csv,0.001328975660726428,0,0
Frame_876.csv,0.0013492318103089929,0,0
Frame_877.csv,0.0014568472979590297,0,0
Frame_878.csv,0.0012644781963899732,0,0
Frame_879.csv,0.0013043534709140658,0,0
Frame_88.csv,0.0014492057962343097,0,0
Frame_880.csv,0.0013180032838135958,0,0
Frame_881.csv,0.001280752127058804,0,0
Frame_882.csv,0.0014024763368070126,0,0
Frame_883.csv,0.0012920263689011335,0,0
Frame_884.csv,0.0012838424881920218,0,0
Frame_885.csv,0.0013068681582808495,0,0
Frame_886.csv,0.0013259581755846739,0,0
Frame_887.csv,0.001363808405585587,0,0
Frame_888.csv,0.0013432296691462398,0,0
Frame_889.csv,0.0013682367280125618,0,0
Frame_89.csv,0.0013586300192400813,0,0
Frame_890.csv,0.0013737899716943502,0,0
Frame_891.csv,0.0013750898651778698,0,0
Frame_892.csv,0.0014597842236980796,0,0
Frame_893.csv,0.0014768035616725683,0,0
Frame_894.csv,0.0013457710156217217,0,0
Frame_895.csv,0.0017294262070208788,1,0
Frame_896.csv,0.001340768183581531,0,0
Frame_897.csv,0.0013668721076101065,0,0
Frame_898.csv,0.001311877858825028,0,0
Frame_899.csv,0.0013498906046152115,0,0
Frame_9.csv,0.0021040095016360283,1,0
Frame_90.csv,0.0015308806905522943,0,0
Frame_900.csv,0.0012936225393787026,0,0
Frame_901.csv,0.0013431595871225,0,0
Frame_902.csv,0.001349085010588169,0,0
Frame_903.csv,0.0013107997365295887,0,0
Frame_904.csv,0.0012937313877046108,0,0
Frame_905.csv,0.0014163010055199265,0,0
Frame_906.csv,0.0013063846854493022,0,0
Frame_907.csv,0.0013329342473298311,0,0
Frame_908.csv,0.0013040697667747736,0,0
Frame_909.csv,0.0014113340293988585,0,0
Frame_91.csv,0.0014592527877539396,0,0
Frame_910.csv,0.0013741414295509458,0,0
Frame_911.csv,0.001208878355100751,0,0
Frame_912.csv,0.0013097814517095685,0,0
Frame_913.csv,0.0012971446849405766,0,0
Frame_914.csv,0.001318685826845467,0,0
Frame_915.csv,0.0012871583458036184,0,0
Frame_916.csv,0.0013025489170104265,0,0
Frame_917.csv,0.0013294119853526354,0,0
Frame_918.csv,0.001762443222105503,1,0
Frame_919.csv,0.0013306043110787868,0,0
Frame_92.csv,0.0013811729149892926,0,0
Frame_920.csv,0.001506676897406578,0,0
Frame_921.csv,0.0013185482239350677,0,0
Frame_922.csv,0.0013187321601435542,0,0
Frame_923.csv,0.0015309738228097558,0,0
Frame_924.csv,0.0013043745420873165,0,0
Frame_925.csv,0.0014132679207250476,0,0
Frame_926.csv,0.0012606524396687746,0,0
Frame_927.csv,0.0013047544052824378,0,0
Frame_928.csv,0.0013118756469339132,0,0
Frame_929.csv,0.001322815427556634,0,0
Frame_93.csv,0.0014081891858950257,0,0
Frame_930.csv,0.0013666037702932954,0,0
Frame_931.csv,0.0014124073786661029,0,0
Frame_932.csv,0.0014078142121434212,0,0
Frame_933.csv,0.0013524011010304093,0,0
Frame_934.csv,0.0013374147238209844,0,0
Frame_935.csv,0.001305801561102271,0,0
Frame_936.csv,0.001282598008401692,0,0
Frame_937.csv,0.0013015054864808917,0,0
Frame_938.csv,0.001277127186767757,0,0
Frame_939.csv,0.0013088745763525367,0,0
Frame_94.csv,0.0014194546965882182,0,0
Frame_940.csv,0.0012630788842216134,0,0
Frame_941.csv,0.0013058650074526668,0,0
Frame_942.csv,0.0012793027563020587,0,0
Frame_943.csv,0.0015313660260289907,0,0
Frame_944.csv,0.001420854590833187,0,0
Frame_945.csv,0.0012510777451097965,0,0
Frame_946.csv,0.0015360639663413167,0,0
Frame_947.csv,0.0013091799337416887,0,0
Frame_948.csv,0.0013342415913939476,0,0
Frame_949.csv,0.0012958201114088297,0,0
Frame_95.csv,0.001441280823200941,0,0
Frame_950.csv,0.001444437773898244,0,0
Frame_951.csv,0.0012950778473168612,0,0
Frame_952.csv,0.0013940292410552502,0,0
Frame_953.csv,0.0013065251987427473,0,0
Frame_954.csv,0.0013218597741797566,0,0
Frame_955.csv,0.0013531798031181097,0,0
Frame_956.csv,0.0012995447032153606,0,0
Frame_957.csv,0.001303749973885715,0,0
Frame_958.csv,0.001356875291094184,0,0
Frame_959.csv,0.0012850682251155376,0,0
Frame_96.csv,0.0014079719549044967,0,0
Frame_960.csv,0.001324949786067009,0,0
Frame_961.csv,0.001431081211194396,0,0
Frame_962.csv,0.001278337324038148,0,0
Frame_963.csv,0.0013046020176261663,0,0
Frame_964.csv,0.0012912375386804342,0,0
Frame_965.csv,0.0013018606696277857,0,0
Frame_966.csv,0.001375603605993092,0,0
Frame_967.csv,0.0013513700105249882,0,0
Frame_968.csv,0.0012896923581138253,0,0
Frame_969.csv,0.0013268913608044386,0,0
Frame_97.csv,0.0012856865068897605,0,0
Frame_970.csv,0.001412771875038743,0,0
Frame_971.csv,0.0014583293814212084,0,0
Frame_972.csv,0.0016002501361072063,1,0
Frame_973.csv,0.0013509185519069433,0,0
Frame_974.csv,0.0015300234081223607,0,0
Frame_975.csv,0.0014588964404538274,0,0
Frame_976.csv,0.0013839674647897482,0,0
Frame_977.csv,0.0013238898245617747,0,0
Frame_978.csv,0.0013686476740986109,0,0
Frame_979.csv,0.0013992293970659375,0,0
Frame_98.csv,0.0014176360564306378,0,0
Frame_980.csv,0.0014063784619793296,0,0
Frame_981.csv,0.0013122441014274955,0,0
Frame_982.csv,0.0012623792281374335,0,0
Frame_983.csv,0.0013525320682674646,0,0
Frame_984.csv,0.0013374488335102797,0,0
Frame_985.csv,0.0013342732563614845,0,0
Frame_986.csv,0.0013325543841347098,0,0
Frame_987.csv,0.0013709713239222765,0,0
Frame_988.csv,0.0014746463857591152,0,0
Frame_989.csv,0.001358998822979629,0,0
Frame_99.csv,0.0013380104210227728,0,0
Frame_990.csv,0.0014759416226297617,0,0
Frame_991.csv,0.0014053783379495144,0,0
Frame_992.csv,0.0013891421258449554,0,0
Frame_993.csv,0.0011637633433565497,0,0
Frame_994.csv,0.0012976222205907106,0,0
Frame_995.csv,0.0012920928420498967,0,0
Frame_996.csv,0.001342644216492772,0,0
Frame_997.csv,0.001305184094235301,0,0
Frame_998.csv,0.0013333791866898537,0,0
Frame_999.csv,0.0013050163397565484,0,0
