Frame,MSE,Predicted_99
Frame_1.csv,0.008357515558600426,1
Frame_10.csv,0.0019605832640081644,0
Frame_100.csv,0.0013053438160568476,0
Frame_1000.csv,0.002368121175095439,0
Frame_1001.csv,0.015229490585625172,1
Frame_1002.csv,0.002257423708215356,0
Frame_1003.csv,0.001429400872439146,0
Frame_1004.csv,0.001619870774447918,0
Frame_1005.csv,0.0018277247436344624,0
Frame_1006.csv,0.001431952347047627,0
Frame_1007.csv,0.001367870019748807,0
Frame_1008.csv,0.0014109249459579587,0
Frame_1009.csv,0.0012783221900463104,0
Frame_101.csv,0.0011950214393436909,0
Frame_1010.csv,0.001494055613875389,0
Frame_1011.csv,0.0014683082699775696,0
Frame_1012.csv,0.0012898348504677415,0
Frame_1013.csv,0.0012582993367686868,0
Frame_1014.csv,0.0012718132929876447,0
Frame_1015.csv,0.001428031362593174,0
Frame_1016.csv,0.0011119229020550847,0
Frame_1017.csv,0.0013064611703157425,0
Frame_1018.csv,0.0012555774301290512,0
Frame_1019.csv,0.001170602859929204,0
Frame_102.csv,0.0011089012259617448,0
Frame_1020.csv,0.0012412043288350105,0
Frame_1021.csv,0.0015876821707934141,0
Frame_1022.csv,0.001324813230894506,0
Frame_1023.csv,0.0013567439746111631,0
Frame_1024.csv,0.0012365906732156873,0
Frame_1025.csv,0.0013954280875623226,0
Frame_1026.csv,0.0013782759197056293,0
Frame_1027.csv,0.0014543067663908005,0
Frame_1028.csv,0.0014432662865146995,0
Frame_1029.csv,0.004196002148091793,0
Frame_103.csv,0.0011211102828383446,0
Frame_1030.csv,0.0044017634354531765,1
Frame_1031.csv,0.0012748936424031854,0
Frame_1032.csv,0.0012639911146834493,0
Frame_1033.csv,0.0010955865727737546,0
Frame_1034.csv,0.0014425547560676932,0
Frame_1035.csv,0.0015672218287363648,0
Frame_1036.csv,0.0012675971956923604,0
Frame_1037.csv,0.0014695563586428761,0
Frame_1038.csv,0.001348363352008164,0
Frame_1039.csv,0.001512846676632762,0
Frame_104.csv,0.001335770357400179,0
Frame_1040.csv,0.0011848403373733163,0
Frame_1041.csv,0.0014491741312667727,0
Frame_1042.csv,0.0012238587951287627,0
Frame_1043.csv,0.0014502480626106262,0
Frame_1044.csv,0.0013142635580152273,0
Frame_1045.csv,0.0014997797552496195,0
Frame_1046.csv,0.0012463779421523213,0
Frame_1047.csv,0.0013275645906105638,0
Frame_1048.csv,0.0013232440687716007,0
Frame_1049.csv,0.001448646653443575,0
Frame_105.csv,0.0010302970185875893,0
Frame_1050.csv,0.001419709762558341,0
Frame_1051.csv,0.0012688174610957503,0
Frame_1052.csv,0.0016565689584240317,0
Frame_1053.csv,0.0012307113502174616,0
Frame_1054.csv,0.0016959726344794035,0
Frame_1055.csv,0.0012139364844188094,0
Frame_1056.csv,0.001605406403541565,0
Frame_1057.csv,0.001315652159973979,0
Frame_1058.csv,0.0012384091969579458,0
Frame_1059.csv,0.001260692602954805,0
Frame_106.csv,0.001342850155197084,0
Frame_1060.csv,0.0012790251057595015,0
Frame_1061.csv,0.001095613930374384,0
Frame_1062.csv,0.0012099460000172257,0
Frame_1063.csv,0.0016253727953881025,0
Frame_1064.csv,0.0017049512825906277,0
Frame_1065.csv,0.0016777061391621828,0
Frame_1066.csv,0.001513608731329441,0
Frame_1067.csv,0.001284468686208129,0
Frame_1068.csv,0.0013462391216307878,0
Frame_1069.csv,0.0010166828287765384,0
Frame_107.csv,0.0012622243957594037,0
Frame_1070.csv,0.0022531901486217976,0
Frame_1071.csv,0.0050348881632089615,1
Frame_1072.csv,0.001422082306817174,0
Frame_1073.csv,0.0017919542733579874,0
Frame_1074.csv,0.0017688875086605549,0
Frame_1075.csv,0.00142964581027627,0
Frame_1076.csv,0.0016670044278725982,0
Frame_1077.csv,0.001357013825327158,0
Frame_1078.csv,0.001223587547428906,0
Frame_1079.csv,0.0014918070519343019,0
Frame_108.csv,0.00120032939594239,0
Frame_1080.csv,0.0013186440337449312,0
Frame_1081.csv,0.0016328452620655298,0
Frame_1082.csv,0.0013709121849387884,0
Frame_1083.csv,0.001461503910832107,0
Frame_1084.csv,0.001409162417985499,0
Frame_1085.csv,0.0014162490842863917,0
Frame_1086.csv,0.001497612800449133,0
Frame_1087.csv,0.0013427588855847716,0
Frame_1088.csv,0.0013658954994753003,0
Frame_1089.csv,0.0013733188388869166,0
Frame_109.csv,0.0014483476988971233,0
Frame_1090.csv,0.0012629869161173701,0
Frame_1091.csv,0.001255200942978263,0
Frame_1092.csv,0.0014224641490727663,0
Frame_1093.csv,0.0013755271211266518,0
Frame_1094.csv,0.0014755269512534142,0
Frame_1095.csv,0.001220416510477662,0
Frame_1096.csv,0.0013668860774487257,0
Frame_1097.csv,0.0014268828090280294,0
Frame_1098.csv,0.0010919439373537898,0
Frame_1099.csv,0.001517787342891097,0
Frame_11.csv,0.0020028238650411367,0
Frame_110.csv,0.0012067981297150254,0
Frame_1100.csv,0.0014134380035102367,0
Frame_1101.csv,0.002992014866322279,0
Frame_1102.csv,0.0014707823283970356,0
Frame_1103.csv,0.001455143210478127,0
Frame_1104.csv,0.0015034917742013931,0
Frame_1105.csv,0.001587204053066671,0
Frame_1106.csv,0.001046268967911601,0
Frame_1107.csv,0.001542168203741312,0
Frame_1108.csv,0.0014950850745663047,0
Frame_1109.csv,0.0014240782475098968,0
Frame_111.csv,0.0012648277916014194,0
Frame_1110.csv,0.0014009091537445784,0
Frame_1111.csv,0.001413776190020144,0
Frame_1112.csv,0.0016837883740663528,0
Frame_1113.csv,0.0011766625102609396,0
Frame_1114.csv,0.0013966939877718687,0
Frame_1115.csv,0.001121883629821241,0
Frame_1116.csv,0.0012511442182585597,0
Frame_1117.csv,0.001417804742231965,0
Frame_1118.csv,0.0011335554299876094,0
Frame_1119.csv,0.0014137648977339268,0
Frame_112.csv,0.001309477724134922,0
Frame_1120.csv,0.001532764290459454,0
Frame_1121.csv,0.0015216555912047625,0
Frame_1122.csv,0.0014651769306510687,0
Frame_1123.csv,0.0011004072148352861,0
Frame_1124.csv,0.0013899329351261258,0
Frame_1125.csv,0.002034528413787484,0
Frame_1126.csv,0.001349294907413423,0
Frame_1127.csv,0.0012685988331213593,0
Frame_1128.csv,0.0014681217726320028,0
Frame_1129.csv,0.0013668800238519907,0
Frame_113.csv,0.0011373992310836911,0
Frame_1130.csv,0.0013764497125521302,0
Frame_1131.csv,0.0013249547919258475,0
Frame_1132.csv,0.0013103295350447297,0
Frame_1133.csv,0.0012507643550634384,0
Frame_1134.csv,0.0013253181241452694,0
Frame_1135.csv,0.0013112120795994997,0
Frame_1136.csv,0.001416474930010736,0
Frame_1137.csv,0.001460378640331328,0
Frame_1138.csv,0.0017583873122930527,0
Frame_1139.csv,0.00127840181812644,0
Frame_114.csv,0.001226402004249394,0
Frame_1140.csv,0.0015431500505656004,0
Frame_1141.csv,0.0014901297399774194,0
Frame_1142.csv,0.0015340725658461452,0
Frame_1143.csv,0.0012996402801945806,0
Frame_1144.csv,0.0017025565030053258,0
Frame_1145.csv,0.0013655435759574175,0
Frame_1146.csv,0.0013750290963798761,0
Frame_1147.csv,0.0014726623194292188,0
Frame_1148.csv,0.0011379452189430594,0
Frame_1149.csv,0.0015175906009972095,0
Frame_115.csv,0.0012057542335242033,0
Frame_1150.csv,0.0013578630750998855,0
Frame_1151.csv,0.0013326016487553716,0
Frame_1152.csv,0.001228998531587422,0
Frame_1153.csv,0.004311330150812864,1
Frame_1154.csv,0.001164708286523819,0
Frame_1155.csv,0.0012048486387357116,0
Frame_1156.csv,0.0016431949334219098,0
Frame_1157.csv,0.0013497966574504972,0
Frame_1158.csv,0.0013711334904655814,0
Frame_1159.csv,0.0015721729723736644,0
Frame_116.csv,0.0015777830267325044,0
Frame_1160.csv,0.0014137853868305683,0
Frame_1161.csv,0.0012964721536263824,0
Frame_1162.csv,0.0013003601925447583,0
Frame_1163.csv,0.0012255327310413122,0
Frame_1164.csv,0.0012338438536971807,0
Frame_1165.csv,0.0015165063086897135,0
Frame_1166.csv,0.001423741807229817,0
Frame_1167.csv,0.0012781957630068064,0
Frame_1168.csv,0.0012601068010553718,0
Frame_1169.csv,0.0013645580038428307,0
Frame_117.csv,0.0013518561609089375,0
Frame_1170.csv,0.001217362005263567,0
Frame_1171.csv,0.0015323200495913625,0
Frame_1172.csv,0.0013991087907925248,0
Frame_1173.csv,0.0013185273855924606,0
Frame_1174.csv,0.0012729676673188806,0
Frame_1175.csv,0.0012807536404579878,0
Frame_1176.csv,0.0015063087921589613,0
Frame_1177.csv,0.007315757218748331,1
Frame_1178.csv,0.0037062265910208225,0
Frame_1179.csv,0.0012259482173249125,0
Frame_118.csv,0.0014154327800497413,0
Frame_1180.csv,0.0014175907708704472,0
Frame_1181.csv,0.0012334343045949936,0
Frame_1182.csv,0.0014923830749467015,0
Frame_1183.csv,0.0018128602532669902,0
Frame_1184.csv,0.0013846666552126408,0
Frame_1185.csv,0.0016711837379261851,0
Frame_1186.csv,0.0014340359484776855,0
Frame_1187.csv,0.0012702657841145992,0
Frame_1188.csv,0.0013953769812360406,0
Frame_1189.csv,0.0016399818705394864,0
Frame_119.csv,0.0012614867882803082,0
Frame_1190.csv,0.0013714589877054095,0
Frame_1191.csv,0.0013214237987995148,0
Frame_1192.csv,0.0013326914049685001,0
Frame_1193.csv,0.0016933546867221594,0
Frame_1194.csv,0.0017805701354518533,0
Frame_1195.csv,0.0018061993177980185,0
Frame_1196.csv,0.001392287784256041,0
Frame_1197.csv,0.0012048216303810477,0
Frame_1198.csv,0.0014106384478509426,0
Frame_1199.csv,0.0013440345646813512,0
Frame_12.csv,0.0017911373870447278,0
Frame_120.csv,0.001238538301549852,0
Frame_1200.csv,0.0012379707768559456,0
Frame_1201.csv,0.0011793093290179968,0
Frame_1202.csv,0.0013167740544304252,0
Frame_1203.csv,0.0015221775975078344,0
Frame_1204.csv,0.0013531994773074985,0
Frame_1205.csv,0.0013859246391803026,0
Frame_1206.csv,0.001368877594359219,0
Frame_1207.csv,0.0013556688791140914,0
Frame_1208.csv,0.0014583751326426864,0
Frame_1209.csv,0.0013033337891101837,0
Frame_121.csv,0.0011101148556917906,0
Frame_1210.csv,0.0014556760434061289,0
Frame_1211.csv,0.0014977663522586226,0
Frame_1212.csv,0.001443056738935411,0
Frame_1213.csv,0.0013371563982218504,0
Frame_1214.csv,0.0013384801568463445,0
Frame_1215.csv,0.0013658229727298021,0
Frame_1216.csv,0.0013389132218435407,0
Frame_1217.csv,0.0017689850647002459,0
Frame_1218.csv,0.001249377615749836,0
Frame_1219.csv,0.0019154944457113743,0
Frame_122.csv,0.0011548231123015285,0
Frame_1220.csv,0.0011462618131190538,0
Frame_1221.csv,0.0013630480971187353,0
Frame_1222.csv,0.0013437956804409623,0
Frame_1223.csv,0.0015018816338852048,0
Frame_1224.csv,0.0010033040307462215,0
Frame_1225.csv,0.001477382960729301,0
Frame_1226.csv,0.0013077440671622753,0
Frame_1227.csv,0.0011824904941022396,0
Frame_1228.csv,0.0017568896291777492,0
Frame_1229.csv,0.0018212833674624562,0
Frame_123.csv,0.0012714061886072159,0
Frame_1230.csv,0.0014850307488813996,0
Frame_1231.csv,0.00139402667991817,0
Frame_1232.csv,0.0012688881251960993,0
Frame_1233.csv,0.001374458777718246,0
Frame_1234.csv,0.00124448724091053,0
Frame_1235.csv,0.0015439613489434123,0
Frame_1236.csv,0.0015025384491309524,0
Frame_1237.csv,0.0013030527625232935,0
Frame_1238.csv,0.001378920511342585,0
Frame_1239.csv,0.0012902271701022983,0
Frame_124.csv,0.0014597022673115134,0
Frame_1240.csv,0.0013642021222040057,0
Frame_1241.csv,0.0013227710733190179,0
Frame_1242.csv,0.0013514193706214428,0
Frame_1243.csv,0.0012813459616154432,0
Frame_1244.csv,0.001206343062222004,0
Frame_1245.csv,0.0014432985335588455,0
Frame_1246.csv,0.001316345063969493,0
Frame_1247.csv,0.0016713786171749234,0
Frame_1248.csv,0.0015020850114524364,0
Frame_1249.csv,0.001347377197816968,0
Frame_125.csv,0.0014274967834353447,0
Frame_1250.csv,0.0012876306427642703,0
Frame_1251.csv,0.0016708289040252566,0
Frame_1252.csv,0.0013331592781469226,0
Frame_1253.csv,0.0013526913244277239,0
Frame_1254.csv,0.0012282358948141336,0
Frame_1255.csv,0.0014610978541895747,0
Frame_1256.csv,0.001359579968266189,0
Frame_1257.csv,0.0013499828055500984,0
Frame_1258.csv,0.001463170861825347,0
Frame_1259.csv,0.0017937376396730542,0
Frame_126.csv,0.0011863516410812736,0
Frame_1260.csv,0.0014463670086115599,0
Frame_1261.csv,0.0014421381056308746,0
Frame_1262.csv,0.001288516679778695,0
Frame_1263.csv,0.0013818454463034868,0
Frame_1264.csv,0.0012950446689501405,0
Frame_1265.csv,0.001515876385383308,0
Frame_1266.csv,0.0015805389266461134,0
Frame_1267.csv,0.0014733007410541177,0
Frame_1268.csv,0.0015233037993311882,0
Frame_1269.csv,0.0015298491343855858,0
Frame_127.csv,0.0011685871286317706,0
Frame_1270.csv,0.001253695460036397,0
Frame_1271.csv,0.001151622855104506,0
Frame_1272.csv,0.0009903341997414827,0
Frame_1273.csv,0.0011509405449032784,0
Frame_1274.csv,0.0015430207131430507,0
Frame_1275.csv,0.0018205769592896104,0
Frame_1276.csv,0.001346027827821672,0
Frame_1277.csv,0.0012864634627476335,0
Frame_1278.csv,0.00130714219994843,0
Frame_1279.csv,0.0014543449506163597,0
Frame_128.csv,0.001246206578798592,0
Frame_1280.csv,0.0013140180381014943,0
Frame_1281.csv,0.0014209025539457798,0
Frame_1282.csv,0.0013764402829110622,0
Frame_1283.csv,0.001369248959235847,0
Frame_1284.csv,0.001208312576636672,0
Frame_1285.csv,0.0012875040993094444,0
Frame_1286.csv,0.0015856914687901735,0
Frame_1287.csv,0.0013913377188146114,0
Frame_1288.csv,0.001260219025425613,0
Frame_1289.csv,0.0014567718608304858,0
Frame_129.csv,0.0012397444806993008,0
Frame_1290.csv,0.0014076045481488109,0
Frame_1291.csv,0.0013442953350022435,0
Frame_1292.csv,0.0012157558230683208,0
Frame_1293.csv,0.0013476349413394928,0
Frame_1294.csv,0.0018386656884104013,0
Frame_1295.csv,0.0013453873107209802,0
Frame_1296.csv,0.0013193374034017324,0
Frame_1297.csv,0.0015556240687146783,0
Frame_1298.csv,0.0012971722753718495,0
Frame_1299.csv,0.0012877392582595348,0
Frame_13.csv,0.0020033970940858126,0
Frame_130.csv,0.0012067485367879272,0
Frame_1300.csv,0.0013610386522486806,0
Frame_1301.csv,0.001296783215366304,0
Frame_1302.csv,0.0011783111840486526,0
Frame_1303.csv,0.001448291470296681,0
Frame_1304.csv,0.0014911782927811146,0
Frame_1305.csv,0.0014317031018435955,0
Frame_1306.csv,0.0013281283900141716,0
Frame_1307.csv,0.0012530831154435873,0
Frame_1308.csv,0.0012650293065235019,0
Frame_1309.csv,0.0013134413165971637,0
Frame_131.csv,0.0012675576144829392,0
Frame_1310.csv,0.0012950015952810645,0
Frame_1311.csv,0.0013128940481692553,0
Frame_1312.csv,0.0013257319806143641,0
Frame_1313.csv,0.001393388258293271,0
Frame_1314.csv,0.0013988427817821503,0
Frame_1315.csv,0.0013258479302749038,0
Frame_1316.csv,0.0014321482740342617,0
Frame_1317.csv,0.0013312164228409529,0
Frame_1318.csv,0.0013661859557032585,0
Frame_1319.csv,0.001511137466877699,0
Frame_132.csv,0.001200956292450428,0
Frame_1320.csv,0.001440452877432108,0
Frame_1321.csv,0.0013240796979516745,0
Frame_1322.csv,0.0012939834268763661,0
Frame_1323.csv,0.0016004112549126148,0
Frame_1324.csv,0.0016981289954856038,0
Frame_1325.csv,0.002160067902877927,0
Frame_1326.csv,0.0076658958569169044,1
Frame_1327.csv,0.0022779947612434626,0
Frame_1328.csv,0.0012501836754381657,0
Frame_1329.csv,0.0014997088583186269,0
Frame_133.csv,0.001186983659863472,0
Frame_1330.csv,0.001809930196031928,0
Frame_1331.csv,0.00123236991930753,0
Frame_1332.csv,0.0015048850327730179,0
Frame_1333.csv,0.001691576442681253,0
Frame_1334.csv,0.0014844421530142426,0
Frame_1335.csv,0.0014433584874495864,0
Frame_1336.csv,0.0013968374114483595,0
Frame_1337.csv,0.0011534149525687099,0
Frame_1338.csv,0.0014990555355325341,0
Frame_1339.csv,0.0015497313579544425,0
Frame_134.csv,0.003088475437834859,0
Frame_1340.csv,0.0017082104459404945,0
Frame_1341.csv,0.001345131197012961,0
Frame_1342.csv,0.0016890232218429446,0
Frame_1343.csv,0.0013531999429687858,0
Frame_1344.csv,0.0014883378753438592,0
Frame_1345.csv,0.0014588461490347981,0
Frame_1346.csv,0.0013562648091465235,0
Frame_1347.csv,0.0015349815366789699,0
Frame_1348.csv,0.0012859079288318753,0
Frame_1349.csv,0.0018239847850054502,0
Frame_135.csv,0.0012246363330632448,0
Frame_1350.csv,0.0024192503187805414,0
Frame_1351.csv,0.0013136668130755424,0
Frame_1352.csv,0.0012247104896232486,0
Frame_1353.csv,0.0015539558371528983,0
Frame_1354.csv,0.0012162186903879046,0
Frame_1355.csv,0.0010497616603970528,0
Frame_1356.csv,0.0015526505885645747,0
Frame_1357.csv,0.0015005104942247272,0
Frame_1358.csv,0.001598393777385354,0
Frame_1359.csv,0.001428805524483323,0
Frame_136.csv,0.001132879639044404,0
Frame_1360.csv,0.0016935851890593767,0
Frame_1361.csv,0.0014234990812838078,0
Frame_1362.csv,0.0012734663905575871,0
Frame_1363.csv,0.0013323543826118112,0
Frame_1364.csv,0.0019593515899032354,0
Frame_1365.csv,0.0012448064517229795,0
Frame_1366.csv,0.0014503079000860453,0
Frame_1367.csv,0.0016538705676794052,0
Frame_1368.csv,0.001581966527737677,0
Frame_1369.csv,0.0016161040402948856,0
Frame_137.csv,0.0013178300578147173,0
Frame_1370.csv,0.0014730903785675764,0
Frame_1371.csv,0.0016131439479067922,0
Frame_1372.csv,0.0013176517095416784,0
Frame_1373.csv,0.0015742492396384478,0
Frame_1374.csv,0.0012951825046911836,0
Frame_1375.csv,0.0019876929000020027,0
Frame_1376.csv,0.001196378725580871,0
Frame_1377.csv,0.0013984742108732462,0
Frame_1378.csv,0.0014644555049017072,0
Frame_1379.csv,0.0015541233588010073,0
Frame_138.csv,0.0015365562867373228,0
Frame_1380.csv,0.0016701046843081713,0
Frame_1381.csv,0.001391845173202455,0
Frame_1382.csv,0.0010947718983516097,0
Frame_1383.csv,0.0012481232406571507,0
Frame_1384.csv,0.0015893690288066864,0
Frame_1385.csv,0.0015149743994697928,0
Frame_1386.csv,0.0014052686747163534,0
Frame_1387.csv,0.0011178553104400635,0
Frame_1388.csv,0.0012581548653542995,0
Frame_1389.csv,0.0013717631809413433,0
Frame_139.csv,0.0012242316734045744,0
Frame_1390.csv,0.0012856017565354705,0
Frame_1391.csv,0.0017590324860066175,0
Frame_1392.csv,0.0013914859155192971,0
Frame_1393.csv,0.001624264637939632,0
Frame_1394.csv,0.0027292747981846333,0
Frame_1395.csv,0.001418511150404811,0
Frame_1396.csv,0.0014333351282402873,0
Frame_1397.csv,0.0012380662374198437,0
Frame_1398.csv,0.0017352175200358033,0
Frame_1399.csv,0.0013003386557102203,0
Frame_14.csv,0.0018406142480671406,0
Frame_140.csv,0.0012780801625922322,0
Frame_1400.csv,0.0014158552512526512,0
Frame_1401.csv,0.001310264808125794,0
Frame_1402.csv,0.001422474510036409,0
Frame_1403.csv,0.001281996606849134,0
Frame_1404.csv,0.001570242689922452,0
Frame_1405.csv,0.0013379484880715609,0
Frame_1406.csv,0.0012584461364895105,0
Frame_1407.csv,0.0016214869683608413,0
Frame_1408.csv,0.0015096142888069153,0
Frame_1409.csv,0.0014725688379257917,0
Frame_141.csv,0.0019738301634788513,0
Frame_1410.csv,0.001583438366651535,0
Frame_1411.csv,0.0014760596677660942,0
Frame_1412.csv,0.001654937514103949,0
Frame_1413.csv,0.0015786659205332398,0
Frame_1414.csv,0.0013429857790470123,0
Frame_1415.csv,0.0012796253431588411,0
Frame_1416.csv,0.002058175392448902,0
Frame_1417.csv,0.0013388694496825337,0
Frame_1418.csv,0.0014460032107308507,0
Frame_1419.csv,0.0014950343174859881,0
Frame_142.csv,0.0012857363326475024,0
Frame_1420.csv,0.0015144336502999067,0
Frame_1421.csv,0.003389895660802722,0
Frame_1422.csv,0.001144934562034905,0
Frame_1423.csv,0.0013204974820837379,0
Frame_1424.csv,0.001348034362308681,0
Frame_1425.csv,0.0014338992768898606,0
Frame_1426.csv,0.001416906132362783,0
Frame_1427.csv,0.001510272384621203,0
Frame_1428.csv,0.0015020554419606924,0
Frame_1429.csv,0.0016428371891379356,0
Frame_143.csv,0.0012272307649254799,0
Frame_1430.csv,0.0013294912641867995,0
Frame_1431.csv,0.0014173684176057577,0
Frame_1432.csv,0.0016205209540203214,0
Frame_1433.csv,0.0014575523091480136,0
Frame_1434.csv,0.0015624387888237834,0
Frame_1435.csv,0.0011920304968953133,0
Frame_1436.csv,0.0012420406565070152,0
Frame_1437.csv,0.0013460617046803236,0
Frame_1438.csv,0.0012621998321264982,0
Frame_1439.csv,0.0011699774768203497,0
Frame_144.csv,0.001569339889101684,0
Frame_1440.csv,0.0014573014341294765,0
Frame_1441.csv,0.001317659392952919,0
Frame_1442.csv,0.0014630974037572742,0
Frame_1443.csv,0.0016400638269260526,0
Frame_1444.csv,0.0013271208154037595,0
Frame_1445.csv,0.00253726146183908,0
Frame_1446.csv,0.002691259142011404,0
Frame_1447.csv,0.0013310863869264722,0
Frame_1448.csv,0.0016139503568410873,0
Frame_1449.csv,0.0013900811318308115,0
Frame_145.csv,0.0013108245329931378,0
Frame_1450.csv,0.0012790461769327521,0
Frame_1451.csv,0.0014050689060240984,0
Frame_1452.csv,0.0014557912945747375,0
Frame_1453.csv,0.0018768678419291973,0
Frame_1454.csv,0.0013701587449759245,0
Frame_1455.csv,0.0015381851699203253,0
Frame_1456.csv,0.0015544097404927015,0
Frame_1457.csv,0.0013317184057086706,0
Frame_1458.csv,0.001404236420057714,0
Frame_1459.csv,0.001203295192681253,0
Frame_146.csv,0.0012152311392128468,0
Frame_1460.csv,0.0012751709436997771,0
Frame_1461.csv,0.0013479645131155849,0
Frame_1462.csv,0.0013374264817684889,0
Frame_1463.csv,0.0012221557553857565,0
Frame_1464.csv,0.0016046474920585752,0
Frame_1465.csv,0.0015543857589364052,0
Frame_1466.csv,0.0017331769922748208,0
Frame_1467.csv,0.002064016880467534,0
Frame_1468.csv,0.0013484582304954529,0
Frame_1469.csv,0.0014044912531971931,0
Frame_147.csv,0.0011219140142202377,0
Frame_1470.csv,0.001955877523869276,0
Frame_1471.csv,0.0015275883488357067,0
Frame_1472.csv,0.001463842112571001,0
Frame_1473.csv,0.0015101804165169597,0
Frame_1474.csv,0.0013651169138029218,0
Frame_1475.csv,0.0015920887235552073,0
Frame_1476.csv,0.0014680498279631138,0
Frame_1477.csv,0.0014601120492443442,0
Frame_1478.csv,0.0013697444228455424,0
Frame_1479.csv,0.0017107962630689144,0
Frame_148.csv,0.0012942376779392362,0
Frame_1480.csv,0.001691776909865439,0
Frame_1481.csv,0.0012527272338047624,0
Frame_1482.csv,0.0014273393899202347,0
Frame_1483.csv,0.0013697248650714755,0
Frame_1484.csv,0.0012133946875110269,0
Frame_1485.csv,0.001468780916184187,0
Frame_1486.csv,0.001710348529741168,0
Frame_1487.csv,0.0012327166041359305,0
Frame_1488.csv,0.002844089176505804,0
Frame_1489.csv,0.001531813875772059,0
Frame_149.csv,0.0012463987804949284,0
Frame_1490.csv,0.001854791771620512,0
Frame_1491.csv,0.001661899616010487,0
Frame_1492.csv,0.0012307482538744807,0
Frame_1493.csv,0.0015981807373464108,0
Frame_1494.csv,0.0011427485151216388,0
Frame_1495.csv,0.0013602102408185601,0
Frame_1496.csv,0.0016720178537070751,0
Frame_1497.csv,0.00175022566691041,0
Frame_1498.csv,0.0016742197331041098,0
Frame_1499.csv,0.0015128919621929526,0
Frame_15.csv,0.002040416467934847,0
Frame_150.csv,0.0014774604933336377,0
Frame_1500.csv,0.0015103841433301568,0
Frame_1501.csv,0.0017322874628007412,0
Frame_1502.csv,0.0017278699669986963,0
Frame_1503.csv,0.0011095578083768487,0
Frame_1504.csv,0.0013616372598335147,0
Frame_1505.csv,0.001332969288341701,0
Frame_1506.csv,0.001379381283186376,0
Frame_1507.csv,0.0014082579873502254,0
Frame_1508.csv,0.0014485027641057968,0
Frame_1509.csv,0.0020932708866894245,0
Frame_151.csv,0.0012361508561298251,0
Frame_1510.csv,0.005540227517485619,1
Frame_1511.csv,0.0020713256672024727,0
Frame_1512.csv,0.001478854683227837,0
Frame_1513.csv,0.001357975765131414,0
Frame_1514.csv,0.0012519874144345522,0
Frame_1515.csv,0.00205911579541862,0
Frame_1516.csv,0.0013797354185953736,0
Frame_1517.csv,0.0013741602888330817,0
Frame_1518.csv,0.0015412581851705909,0
Frame_1519.csv,0.0015243663219735026,0
Frame_152.csv,0.001239095232449472,0
Frame_1520.csv,0.0014457901706919074,0
Frame_1521.csv,0.0016523036174476147,0
Frame_1522.csv,0.0013863419881090522,0
Frame_1523.csv,0.0012337175430729985,0
Frame_1524.csv,0.001859972020611167,0
Frame_1525.csv,0.0015288788126781583,0
Frame_1526.csv,0.0011522192507982254,0
Frame_1527.csv,0.0014370257267728448,0
Frame_1528.csv,0.0012837651884183288,0
Frame_1529.csv,0.001499608508311212,0
Frame_153.csv,0.0014297767775133252,0
Frame_1530.csv,0.0012553612468764186,0
Frame_1531.csv,0.0013496028259396553,0
Frame_1532.csv,0.0016457193996757269,0
Frame_1533.csv,0.0014831556472927332,0
Frame_1534.csv,0.001411045086570084,0
Frame_1535.csv,0.0014467540895566344,0
Frame_1536.csv,0.004280739929527044,0
Frame_1537.csv,0.0016685797600075603,0
Frame_1538.csv,0.0013064465019851923,0
Frame_1539.csv,0.0013755905674770474,0
Frame_154.csv,0.0011676084250211716,0
Frame_1540.csv,0.0013846533838659525,0
Frame_1541.csv,0.0014175514224916697,0
Frame_1542.csv,0.0012730250600725412,0
Frame_1543.csv,0.0013891212875023484,0
Frame_1544.csv,0.0015266098780557513,0
Frame_1545.csv,0.0014570534694939852,0
Frame_1546.csv,0.001439122250303626,0
Frame_1547.csv,0.001488911104388535,0
Frame_1548.csv,0.001124147791415453,0
Frame_1549.csv,0.001434652484022081,0
Frame_155.csv,0.0012703940737992525,0
Frame_1550.csv,0.0012451647780835629,0
Frame_1551.csv,0.0016327424673363566,0
Frame_1552.csv,0.001317671500146389,0
Frame_1553.csv,0.0024010485503822565,0
Frame_1554.csv,0.0014756838791072369,0
Frame_1555.csv,0.0016648410819470882,0
Frame_1556.csv,0.001287042978219688,0
Frame_1557.csv,0.0013717709807679057,0
Frame_1558.csv,0.0014337570173665881,0
Frame_1559.csv,0.0019606866408139467,0
Frame_156.csv,0.0011958166724070907,0
Frame_1560.csv,0.0017636021366342902,0
Frame_1561.csv,0.0015389828477054834,0
Frame_1562.csv,0.0014282655902206898,0
Frame_1563.csv,0.0014513329369947314,0
Frame_1564.csv,0.002599586034193635,0
Frame_157.csv,0.0010936566395685077,0
Frame_158.csv,0.0012129101669415832,0
Frame_159.csv,0.0013220817781984806,0
Frame_16.csv,0.002214726759120822,0
Frame_160.csv,0.0013630046742036939,0
Frame_161.csv,0.0012254762696102262,0
Frame_162.csv,0.001241560559719801,0
Frame_163.csv,0.0013026375090703368,0
Frame_164.csv,0.0013489959528669715,0
Frame_165.csv,0.001255849259905517,0
Frame_166.csv,0.00109773688018322,0
Frame_167.csv,0.0014401833759620786,0
Frame_168.csv,0.001370205427519977,0
Frame_169.csv,0.0011428635334596038,0
Frame_17.csv,0.0019446738297119737,0
Frame_170.csv,0.0011772740399464965,0
Frame_171.csv,0.0011831336887553334,0
Frame_172.csv,0.00110963627230376,0
Frame_173.csv,0.001116875559091568,0
Frame_174.csv,0.001269746688194573,0
Frame_175.csv,0.0011945024598389864,0
Frame_176.csv,0.0011786683462560177,0
Frame_177.csv,0.0012275882763788104,0
Frame_178.csv,0.0012644670205190778,0
Frame_179.csv,0.0013017450692132115,0
Frame_18.csv,0.002214862499386072,0
Frame_180.csv,0.0011657678987830877,0
Frame_181.csv,0.0012041834415867925,0
Frame_182.csv,0.0011113715590909123,0
Frame_183.csv,0.0011119814589619637,0
Frame_184.csv,0.0012469124048948288,0
Frame_185.csv,0.0013464780058711767,0
Frame_186.csv,0.0012333478080108762,0
Frame_187.csv,0.0012567169032990932,0
Frame_188.csv,0.0012172404676675797,0
Frame_189.csv,0.0011603712337091565,0
Frame_19.csv,0.001698239240795374,0
Frame_190.csv,0.0012229710118845105,0
Frame_191.csv,0.0018112657126039267,0
Frame_192.csv,0.0013795727863907814,0
Frame_193.csv,0.0012824576115235686,0
Frame_194.csv,0.001169742550700903,0
Frame_195.csv,0.001206977409310639,0
Frame_196.csv,0.0012538126902654767,0
Frame_197.csv,0.001201646402478218,0
Frame_198.csv,0.0011005810229107738,0
Frame_199.csv,0.0011701127514243126,0
Frame_2.csv,0.0022327222395688295,0
Frame_20.csv,0.001459892257116735,0
Frame_200.csv,0.0013481435598805547,0
Frame_201.csv,0.0011624738108366728,0
Frame_202.csv,0.0010569295845925808,0
Frame_203.csv,0.0012721148086711764,0
Frame_204.csv,0.0011334229493513703,0
Frame_205.csv,0.0014132412616163492,0
Frame_206.csv,0.0012415072415024042,0
Frame_207.csv,0.0010192651534453034,0
Frame_208.csv,0.0014601392904296517,0
Frame_209.csv,0.0014122923603281379,0
Frame_21.csv,0.0017115557566285133,0
Frame_210.csv,0.0012257095659151673,0
Frame_211.csv,0.0011445214040577412,0
Frame_212.csv,0.0013028922257944942,0
Frame_213.csv,0.001132075791247189,0
Frame_214.csv,0.0011117968242615461,0
Frame_215.csv,0.0013842929620295763,0
Frame_216.csv,0.018679767847061157,1
Frame_217.csv,0.0014239797601476312,0
Frame_218.csv,0.0012718563666567206,0
Frame_219.csv,0.0012326587457209826,0
Frame_22.csv,0.0015840419800952077,0
Frame_220.csv,0.0017297856975346804,0
Frame_221.csv,0.0011045332066714764,0
Frame_222.csv,0.0012167677050456405,0
Frame_223.csv,0.0012942582834511995,0
Frame_224.csv,0.0014941937988623977,0
Frame_225.csv,0.0013273018412292004,0
Frame_226.csv,0.0011370183201506734,0
Frame_227.csv,0.0011029122397303581,0
Frame_228.csv,0.0011819759383797646,0
Frame_229.csv,0.0010562435491010547,0
Frame_23.csv,0.0016983643872663379,0
Frame_230.csv,0.001152549870312214,0
Frame_231.csv,0.00103961827699095,0
Frame_232.csv,0.0013110607396811247,0
Frame_233.csv,0.0011801290092989802,0
Frame_234.csv,0.0011844560503959656,0
Frame_235.csv,0.0008958332473412156,0
Frame_236.csv,0.0030548868235200644,0
Frame_237.csv,0.0015357398660853505,0
Frame_238.csv,0.0020763168577104807,0
Frame_239.csv,0.0012559423921629786,0
Frame_24.csv,0.002103727776557207,0
Frame_240.csv,0.0012400373816490173,0
Frame_241.csv,0.0012307974975556135,0
Frame_242.csv,0.0011990132043138146,0
Frame_243.csv,0.0013086016988381743,0
Frame_244.csv,0.001267058658413589,0
Frame_245.csv,0.001146390219219029,0
Frame_246.csv,0.0011867000721395016,0
Frame_247.csv,0.0013599839294329286,0
Frame_248.csv,0.0012955504935234785,0
Frame_249.csv,0.001231755712069571,0
Frame_25.csv,0.001987696625292301,0
Frame_250.csv,0.0013032190036028624,0
Frame_251.csv,0.001124885748140514,0
Frame_252.csv,0.001250532572157681,0
Frame_253.csv,0.0012787928571924567,0
Frame_254.csv,0.0012916161213070154,0
Frame_255.csv,0.0011221474269405007,0
Frame_256.csv,0.001274206442758441,0
Frame_257.csv,0.0011485039722174406,0
Frame_258.csv,0.0011246742215007544,0
Frame_259.csv,0.00116149487439543,0
Frame_26.csv,0.0022120526991784573,0
Frame_260.csv,0.0012443768791854382,0
Frame_261.csv,0.0010496907634660602,0
Frame_262.csv,0.0010265656746923923,0
Frame_263.csv,0.0013389361556619406,0
Frame_264.csv,0.0013333701062947512,0
Frame_265.csv,0.0011839040089398623,0
Frame_266.csv,0.001978855347260833,0
Frame_267.csv,0.0015059377765282989,0
Frame_268.csv,0.0014887081924825907,0
Frame_269.csv,0.001275996444746852,0
Frame_27.csv,0.0023490670137107372,0
Frame_270.csv,0.0010930657153949142,0
Frame_271.csv,0.0012740353122353554,0
Frame_272.csv,0.0010551605373620987,0
Frame_273.csv,0.0012438754783943295,0
Frame_274.csv,0.0014252786058932543,0
Frame_275.csv,0.0012129050446674228,0
Frame_276.csv,0.001084076939150691,0
Frame_277.csv,0.0013783201575279236,0
Frame_278.csv,0.0012894879328086972,0
Frame_279.csv,0.001220193225890398,0
Frame_28.csv,0.00177721434738487,0
Frame_280.csv,0.00112442288082093,0
Frame_281.csv,0.0011936016380786896,0
Frame_282.csv,0.0011617870768532157,0
Frame_283.csv,0.001282446668483317,0
Frame_284.csv,0.001057403744198382,0
Frame_285.csv,0.0010807978687807918,0
Frame_286.csv,0.001056603156030178,0
Frame_287.csv,0.0011179668363183737,0
Frame_288.csv,0.0012440908467397094,0
Frame_289.csv,0.0012791617773473263,0
Frame_29.csv,0.0019868104718625546,0
Frame_290.csv,0.001232203678227961,0
Frame_291.csv,0.0011793653247877955,0
Frame_292.csv,0.0011645940830931067,0
Frame_293.csv,0.0015887960325926542,0
Frame_294.csv,0.0026005401741713285,0
Frame_295.csv,0.001324961893260479,0
Frame_296.csv,0.0012059055734425783,0
Frame_297.csv,0.0011357002658769488,0
Frame_298.csv,0.0010348064824938774,0
Frame_299.csv,0.0013942880323156714,0
Frame_3.csv,0.00256139412522316,0
Frame_30.csv,0.0030314673203974962,0
Frame_300.csv,0.0010611270554363728,0
Frame_301.csv,0.0012202151119709015,0
Frame_302.csv,0.0012579923495650291,0
Frame_303.csv,0.0009755650535225868,0
Frame_304.csv,0.0010223593562841415,0
Frame_305.csv,0.0012204415397718549,0
Frame_306.csv,0.0011927059385925531,0
Frame_307.csv,0.0012023799354210496,0
Frame_308.csv,0.0011753655271604657,0
Frame_309.csv,0.0011787873227149248,0
Frame_31.csv,0.0019153279718011618,0
Frame_310.csv,0.0013545113615691662,0
Frame_311.csv,0.0011171346995979548,0
Frame_312.csv,0.0012530253734439611,0
Frame_313.csv,0.0010803778422996402,0
Frame_314.csv,0.0011330986162647605,0
Frame_315.csv,0.0012544734636321664,0
Frame_316.csv,0.005287117324769497,1
Frame_317.csv,0.0030950370710343122,0
Frame_318.csv,0.001415215083397925,0
Frame_319.csv,0.0011457932414487004,0
Frame_32.csv,0.0017011001473292708,0
Frame_320.csv,0.0012002080911770463,0
Frame_321.csv,0.0011908727465197444,0
Frame_322.csv,0.0011979504488408566,0
Frame_323.csv,0.001330316299572587,0
Frame_324.csv,0.0014731516130268574,0
Frame_325.csv,0.001097557949833572,0
Frame_326.csv,0.0011621795129030943,0
Frame_327.csv,0.0011352821020409465,0
Frame_328.csv,0.0013667033053934574,0
Frame_329.csv,0.0012434398522600532,0
Frame_33.csv,0.0016843959456309676,0
Frame_330.csv,0.001352375140413642,0
Frame_331.csv,0.0013324202736839652,0
Frame_332.csv,0.0011203972389921546,0
Frame_333.csv,0.001437766128219664,0
Frame_334.csv,0.0012320094974711537,0
Frame_335.csv,0.0012781163677573204,0
Frame_336.csv,0.0011247532675042748,0
Frame_337.csv,0.0010807652724906802,0
Frame_338.csv,0.0012011451181024313,0
Frame_339.csv,0.0011244488414376974,0
Frame_34.csv,0.0023562568239867687,0
Frame_340.csv,0.0012180099729448557,0
Frame_341.csv,0.0011668454390019178,0
Frame_342.csv,0.0010785171762108803,0
Frame_343.csv,0.0011848688591271639,0
Frame_344.csv,0.0011654975824058056,0
Frame_345.csv,0.0012144249631091952,0
Frame_346.csv,0.001242134370841086,0
Frame_347.csv,0.0012713270261883736,0
Frame_348.csv,0.0018280340591445565,0
Frame_349.csv,0.0012539215385913849,0
Frame_35.csv,0.0015669128624722362,0
Frame_350.csv,0.0012345826253294945,0
Frame_351.csv,0.0012776098446920514,0
Frame_352.csv,0.001365639385767281,0
Frame_353.csv,0.0012003431329503655,0
Frame_354.csv,0.001209988258779049,0
Frame_355.csv,0.0011838598875328898,0
Frame_356.csv,0.0009501388994976878,0
Frame_357.csv,0.0014755399897694588,0
Frame_358.csv,0.001069374498911202,0
Frame_359.csv,0.001255685812793672,0
Frame_36.csv,0.0014110137708485126,0
Frame_360.csv,0.001077948953025043,0
Frame_361.csv,0.0011919684475287795,0
Frame_362.csv,0.0011956156231462955,0
Frame_363.csv,0.0011417544446885586,0
Frame_364.csv,0.0011973195942118764,0
Frame_365.csv,0.001061221119016409,0
Frame_366.csv,0.0013845533831045032,0
Frame_367.csv,0.0014073735801503062,0
Frame_368.csv,0.0011488565942272544,0
Frame_369.csv,0.0011825261171907187,0
Frame_37.csv,0.0023196362890303135,0
Frame_370.csv,0.0010145911946892738,0
Frame_371.csv,0.0011811854783445597,0
Frame_372.csv,0.0014246711507439613,0
Frame_373.csv,0.0012234027963131666,0
Frame_374.csv,0.0012913717655465007,0
Frame_375.csv,0.0012987286318093538,0
Frame_376.csv,0.001250788918696344,0
Frame_377.csv,0.0012878418201580644,0
Frame_378.csv,0.0011520482366904616,0
Frame_379.csv,0.0010398172307759523,0
Frame_38.csv,0.0017110819462686777,0
Frame_380.csv,0.0010920109925791621,0
Frame_381.csv,0.001062326249666512,0
Frame_382.csv,0.0010815669083967805,0
Frame_383.csv,0.0010535389883443713,0
Frame_384.csv,0.0011442077811807394,0
Frame_385.csv,0.0010791670065373182,0
Frame_386.csv,0.001158514292910695,0
Frame_387.csv,0.0012252797605469823,0
Frame_388.csv,0.0011080763069912791,0
Frame_389.csv,0.0013872220879420638,0
Frame_39.csv,0.0014106432208791375,0
Frame_390.csv,0.0014609917998313904,0
Frame_391.csv,0.0012768605956807733,0
Frame_392.csv,0.0013500890927389264,0
Frame_393.csv,0.001564597710967064,0
Frame_394.csv,0.0015648588305339217,0
Frame_395.csv,0.0012189948465675116,0
Frame_396.csv,0.001268628635443747,0
Frame_397.csv,0.0011165289906784892,0
Frame_398.csv,0.0013732783263549209,0
Frame_399.csv,0.00126692745834589,0
Frame_4.csv,0.0024988201912492514,0
Frame_40.csv,0.0020552673377096653,0
Frame_400.csv,0.0013746852055191994,0
Frame_401.csv,0.0011063447454944253,0
Frame_402.csv,0.0011218121508136392,0
Frame_403.csv,0.0012536674039438367,0
Frame_404.csv,0.0012922943569719791,0
Frame_405.csv,0.0011923802085220814,0
Frame_406.csv,0.001072781509719789,0
Frame_407.csv,0.001270628534257412,0
Frame_408.csv,0.0009691896266303957,0
Frame_409.csv,0.0012579618487507105,0
Frame_41.csv,0.0015612305141985416,0
Frame_410.csv,0.0009837045799940825,0
Frame_411.csv,0.0010869713732972741,0
Frame_412.csv,0.0016905252123251557,0
Frame_413.csv,0.0011933939531445503,0
Frame_414.csv,0.0011205938644707203,0
Frame_415.csv,0.0010191502515226603,0
Frame_416.csv,0.0011970807099714875,0
Frame_417.csv,0.0014237042050808668,0
Frame_418.csv,0.003279186552390456,0
Frame_419.csv,0.002362605417147279,0
Frame_42.csv,0.0019931725692003965,0
Frame_420.csv,0.00120917905587703,0
Frame_421.csv,0.0012394743971526623,0
Frame_422.csv,0.001306985504925251,0
Frame_423.csv,0.001360394642688334,0
Frame_424.csv,0.0014746114611625671,0
Frame_425.csv,0.001249396475031972,0
Frame_426.csv,0.0010839477181434631,0
Frame_427.csv,0.0013999688671901822,0
Frame_428.csv,0.0013364277547225356,0
Frame_429.csv,0.0012240094365552068,0
Frame_43.csv,0.0017138150287792087,0
Frame_430.csv,0.001337403547950089,0
Frame_431.csv,0.0013357186689972878,0
Frame_432.csv,0.0012170021655038,0
Frame_433.csv,0.0012255251640453935,0
Frame_434.csv,0.0013442501658573747,0
Frame_435.csv,0.001129394629970193,0
Frame_436.csv,0.0011959524126723409,0
Frame_437.csv,0.0011224502231925726,0
Frame_438.csv,0.0013075524475425482,0
Frame_439.csv,0.0013157787034288049,0
Frame_44.csv,0.0013443651841953397,0
Frame_440.csv,0.001194974989630282,0
Frame_441.csv,0.0011737745953723788,0
Frame_442.csv,0.0011953996727243066,0
Frame_443.csv,0.0012707844143733382,0
Frame_444.csv,0.0012524944031611085,0
Frame_445.csv,0.0012046900810673833,0
Frame_446.csv,0.0014454916818067431,0
Frame_447.csv,0.0011351217981427908,0
Frame_448.csv,0.001266770763322711,0
Frame_449.csv,0.0011254434939473867,0
Frame_45.csv,0.0016632872866466641,0
Frame_450.csv,0.0011564380256459117,0
Frame_451.csv,0.0011760569177567959,0
Frame_452.csv,0.0011920284014195204,0
Frame_453.csv,0.0016949966084212065,0
Frame_454.csv,0.001404846552759409,0
Frame_455.csv,0.0013268212787806988,0
Frame_456.csv,0.0012074969708919525,0
Frame_457.csv,0.001080519868992269,0
Frame_458.csv,0.0013143118703737855,0
Frame_459.csv,0.0014341988135129213,0
Frame_46.csv,0.0013722394360229373,0
Frame_460.csv,0.0011123159201815724,0
Frame_461.csv,0.0013223044807091355,0
Frame_462.csv,0.001379139255732298,0
Frame_463.csv,0.0013557920465245843,0
Frame_464.csv,0.0011536929523572326,0
Frame_465.csv,0.001266207662411034,0
Frame_466.csv,0.001287074526771903,0
Frame_467.csv,0.001251114415936172,0
Frame_468.csv,0.0011336950119584799,0
Frame_469.csv,0.0013330825604498386,0
Frame_47.csv,0.0012174044968560338,0
Frame_470.csv,0.0012245815014466643,0
Frame_471.csv,0.0011993483640253544,0
Frame_472.csv,0.0010983876418322325,0
Frame_473.csv,0.001195366377942264,0
Frame_474.csv,0.0011336265597492456,0
Frame_475.csv,0.001027125515975058,0
Frame_476.csv,0.0011595548130571842,0
Frame_477.csv,0.0011048520682379603,0
Frame_478.csv,0.0011032710317522287,0
Frame_479.csv,0.001193528063595295,0
Frame_48.csv,0.0018063870957121253,0
Frame_480.csv,0.001290366635657847,0
Frame_481.csv,0.0014459615340456367,0
Frame_482.csv,0.0012608242686837912,0
Frame_483.csv,0.0016473577124997973,0
Frame_484.csv,0.00844591110944748,1
Frame_485.csv,0.0011134145315736532,0
Frame_486.csv,0.0011921669356524944,0
Frame_487.csv,0.0015552138211205602,0
Frame_488.csv,0.001458989572711289,0
Frame_489.csv,0.001199319027364254,0
Frame_49.csv,0.00197006668895483,0
Frame_490.csv,0.0012273211032152176,0
Frame_491.csv,0.0012130846735090017,0
Frame_492.csv,0.0013016830198466778,0
Frame_493.csv,0.001173152239061892,0
Frame_494.csv,0.0012524854391813278,0
Frame_495.csv,0.0012079166481271386,0
Frame_496.csv,0.0013732790248468518,0
Frame_497.csv,0.0011785917449742556,0
Frame_498.csv,0.001408042968250811,0
Frame_499.csv,0.0012137471931055188,0
Frame_5.csv,0.0028200135566294193,0
Frame_50.csv,0.0021139876917004585,0
Frame_500.csv,0.0012256267946213484,0
Frame_501.csv,0.0012850979110226035,0
Frame_502.csv,0.0013108461862429976,0
Frame_503.csv,0.0012688831193372607,0
Frame_504.csv,0.0013506155228242278,0
Frame_505.csv,0.0012165713123977184,0
Frame_506.csv,0.0011867200955748558,0
Frame_507.csv,0.0013881766935810447,0
Frame_508.csv,0.001280772383324802,0
Frame_509.csv,0.001818134798668325,0
Frame_51.csv,0.001594830071553588,0
Frame_510.csv,0.003975010011345148,0
Frame_511.csv,0.0014643868198618293,0
Frame_512.csv,0.0013207047013565898,0
Frame_513.csv,0.0012158178724348545,0
Frame_514.csv,0.0011018955847248435,0
Frame_515.csv,0.0012015134561806917,0
Frame_516.csv,0.0012429754715412855,0
Frame_517.csv,0.0012039770372211933,0
Frame_518.csv,0.0011508207535371184,0
Frame_519.csv,0.0013424993958324194,0
Frame_52.csv,0.005866419989615679,1
Frame_520.csv,0.0016048004617914557,0
Frame_521.csv,0.0013508512638509274,0
Frame_522.csv,0.0011393307941034436,0
Frame_523.csv,0.0012497203424572945,0
Frame_524.csv,0.0011561537394300103,0
Frame_525.csv,0.0012404794106259942,0
Frame_526.csv,0.001244493410922587,0
Frame_527.csv,0.0011429486330598593,0
Frame_528.csv,0.001176030607894063,0
Frame_529.csv,0.001114196376875043,0
Frame_53.csv,0.0017776311142370105,0
Frame_530.csv,0.0012981900945305824,0
Frame_531.csv,0.0011332983849570155,0
Frame_532.csv,0.0011769472621381283,0
Frame_533.csv,0.0012785833096131682,0
Frame_534.csv,0.001183859072625637,0
Frame_535.csv,0.0013595710042864084,0
Frame_536.csv,0.001275143469683826,0
Frame_537.csv,0.0011937490198761225,0
Frame_538.csv,0.0036744140088558197,0
Frame_539.csv,0.0023052047472447157,0
Frame_54.csv,0.001609603757970035,0
Frame_540.csv,0.0013387788785621524,0
Frame_541.csv,0.0014524360885843635,0
Frame_542.csv,0.001324857003055513,0
Frame_543.csv,0.0012951018288731575,0
Frame_544.csv,0.0014027925208210945,0
Frame_545.csv,0.001305550104007125,0
Frame_546.csv,0.001234386581927538,0
Frame_547.csv,0.0012112451950088143,0
Frame_548.csv,0.0013648312306031585,0
Frame_549.csv,0.001151253585703671,0
Frame_55.csv,0.001356413122266531,0
Frame_550.csv,0.001146341091953218,0
Frame_551.csv,0.0012127666268497705,0
Frame_552.csv,0.0011441694805398583,0
Frame_553.csv,0.0011518052779138088,0
Frame_554.csv,0.0012511324603110552,0
Frame_555.csv,0.0012685174588114023,0
Frame_556.csv,0.0014652835670858622,0
Frame_557.csv,0.0010595240164548159,0
Frame_558.csv,0.001247509615495801,0
Frame_559.csv,0.0011316209565848112,0
Frame_56.csv,0.001338719972409308,0
Frame_560.csv,0.0012434216914698482,0
Frame_561.csv,0.0012372529599815607,0
Frame_562.csv,0.0013257215032353997,0
Frame_563.csv,0.0015263996319845319,0
Frame_564.csv,0.0053466567769646645,1
Frame_565.csv,0.0023459780495613813,0
Frame_566.csv,0.0016294828383252025,0
Frame_567.csv,0.0012680278159677982,0
Frame_568.csv,0.0013834383571520448,0
Frame_569.csv,0.0011957292445003986,0
Frame_57.csv,0.0013339129509404302,0
Frame_570.csv,0.001263218349777162,0
Frame_571.csv,0.0013806112110614777,0
Frame_572.csv,0.0012825513258576393,0
Frame_573.csv,0.0012602410279214382,0
Frame_574.csv,0.001266946317628026,0
Frame_575.csv,0.001157771679572761,0
Frame_576.csv,0.0011812838492915034,0
Frame_577.csv,0.0016600865637883544,0
Frame_578.csv,0.0011165521573275328,0
Frame_579.csv,0.0012769059976562858,0
Frame_58.csv,0.001411297358572483,0
Frame_580.csv,0.0013866769149899483,0
Frame_581.csv,0.0012873538071289659,0
Frame_582.csv,0.001281551900319755,0
Frame_583.csv,0.0013228984316810966,0
Frame_584.csv,0.0013355255359783769,0
Frame_585.csv,0.0011345832608640194,0
Frame_586.csv,0.001215755590237677,0
Frame_587.csv,0.0015286421403288841,0
Frame_588.csv,0.0014255971182137728,0
Frame_589.csv,0.0012046134797856212,0
Frame_59.csv,0.0012752615148201585,0
Frame_590.csv,0.001220296835526824,0
Frame_591.csv,0.0011117870453745127,0
Frame_592.csv,0.0013371692039072514,0
Frame_593.csv,0.0013032121350988746,0
Frame_594.csv,0.0011113521177321672,0
Frame_595.csv,0.0014307997189462185,0
Frame_596.csv,0.0011467979056760669,0
Frame_597.csv,0.0014931675978004932,0
Frame_598.csv,0.0013259463012218475,0
Frame_599.csv,0.0012399828992784023,0
Frame_6.csv,0.002265217015519738,0
Frame_60.csv,0.0015864621382206678,0
Frame_600.csv,0.001198688754811883,0
Frame_601.csv,0.0012736571952700615,0
Frame_602.csv,0.0011502024717628956,0
Frame_603.csv,0.0011756329331547022,0
Frame_604.csv,0.001073969411663711,0
Frame_605.csv,0.0011980964336544275,0
Frame_606.csv,0.0013333206297829747,0
Frame_607.csv,0.0012720245867967606,0
Frame_608.csv,0.001256953226402402,0
Frame_609.csv,0.0013048333348706365,0
Frame_61.csv,0.001440421212464571,0
Frame_610.csv,0.00134718616027385,0
Frame_611.csv,0.0011812788434326649,0
Frame_612.csv,0.002767399186268449,0
Frame_613.csv,0.004373736213892698,1
Frame_614.csv,0.0013997785281389952,0
Frame_615.csv,0.0015252837911248207,0
Frame_616.csv,0.0012829555198550224,0
Frame_617.csv,0.0012220436474308372,0
Frame_618.csv,0.0013103395467624068,0
Frame_619.csv,0.0012437102850526571,0
Frame_62.csv,0.0015065630432218313,0
Frame_620.csv,0.001207360066473484,0
Frame_621.csv,0.0012351925252005458,0
Frame_622.csv,0.0012864409945905209,0
Frame_623.csv,0.001269452041015029,0
Frame_624.csv,0.0014015448978170753,0
Frame_625.csv,0.0012747846776619554,0
Frame_626.csv,0.001196591416373849,0
Frame_627.csv,0.0010844425996765494,0
Frame_628.csv,0.001147573348134756,0
Frame_629.csv,0.0011875309282913804,0
Frame_63.csv,0.001251265057362616,0
Frame_630.csv,0.0014265762874856591,0
Frame_631.csv,0.0012176719028502703,0
Frame_632.csv,0.0013972778106108308,0
Frame_633.csv,0.001270115957595408,0
Frame_634.csv,0.0013063594233244658,0
Frame_635.csv,0.0012379540130496025,0
Frame_636.csv,0.001196464872919023,0
Frame_637.csv,0.001772591145709157,0
Frame_638.csv,0.0012487227795645595,0
Frame_639.csv,0.0011961223790422082,0
Frame_64.csv,0.0014594276435673237,0
Frame_640.csv,0.0016348013887181878,0
Frame_641.csv,0.0012347929878160357,0
Frame_642.csv,0.0015037149423733354,0
Frame_643.csv,0.0012395305093377829,0
Frame_644.csv,0.0013634574133902788,0
Frame_645.csv,0.0015136224683374166,0
Frame_646.csv,0.0010624169372022152,0
Frame_647.csv,0.0012851378414779902,0
Frame_648.csv,0.001194838318042457,0
Frame_649.csv,0.0013054213486611843,0
Frame_65.csv,0.001316557521931827,0
Frame_650.csv,0.0014143153093755245,0
Frame_651.csv,0.001384223811328411,0
Frame_652.csv,0.0012825222220271826,0
Frame_653.csv,0.0014978861436247826,0
Frame_654.csv,0.0014681287575513124,0
Frame_655.csv,0.0015399045078083873,0
Frame_656.csv,0.0014637198764830828,0
Frame_657.csv,0.001171714742667973,0
Frame_658.csv,0.0014721532352268696,0
Frame_659.csv,0.001217681565321982,0
Frame_66.csv,0.0013158639194443822,0
Frame_660.csv,0.0012089427327737212,0
Frame_661.csv,0.001459774561226368,0
Frame_662.csv,0.0012143253115937114,0
Frame_663.csv,0.00134085223544389,0
Frame_664.csv,0.0014121681451797485,0
Frame_665.csv,0.0013786355266347528,0
Frame_666.csv,0.0012551870895549655,0
Frame_667.csv,0.0017589994240552187,0
Frame_668.csv,0.001255617942661047,0
Frame_669.csv,0.0012748056324198842,0
Frame_67.csv,0.0016023569041863084,0
Frame_670.csv,0.0011609060456976295,0
Frame_671.csv,0.0012936621205881238,0
Frame_672.csv,0.001252083689905703,0
Frame_673.csv,0.001257455674931407,0
Frame_674.csv,0.0014540641568601131,0
Frame_675.csv,0.0012479007709771395,0
Frame_676.csv,0.0013304506428539753,0
Frame_677.csv,0.0013408837839961052,0
Frame_678.csv,0.0020639507565647364,0
Frame_679.csv,0.001370543846860528,0
Frame_68.csv,0.0012261042138561606,0
Frame_680.csv,0.001164227956905961,0
Frame_681.csv,0.0015776879154145718,0
Frame_682.csv,0.0009335764334537089,0
Frame_683.csv,0.000965671322774142,0
Frame_684.csv,0.001261183526366949,0
Frame_685.csv,0.0013845342909917235,0
Frame_686.csv,0.001336358254775405,0
Frame_687.csv,0.0012759467354044318,0
Frame_688.csv,0.0012495442060753703,0
Frame_689.csv,0.0013558730715885758,0
Frame_69.csv,0.0012535277055576444,0
Frame_690.csv,0.001506076310761273,0
Frame_691.csv,0.0024355791974812746,0
Frame_692.csv,0.001244356855750084,0
Frame_693.csv,0.0015831671189516783,0
Frame_694.csv,0.001293628360144794,0
Frame_695.csv,0.0014078711392357945,0
Frame_696.csv,0.001232078648172319,0
Frame_697.csv,0.0013878789031878114,0
Frame_698.csv,0.0012796426890417933,0
Frame_699.csv,0.0013772643869742751,0
Frame_7.csv,0.0016091620782390237,0
Frame_70.csv,0.0010810595704242587,0
Frame_700.csv,0.0012083863839507103,0
Frame_701.csv,0.0011941856937482953,0
Frame_702.csv,0.0011766087263822556,0
Frame_703.csv,0.0013987886486575007,0
Frame_704.csv,0.0012435353128239512,0
Frame_705.csv,0.0012549407547339797,0
Frame_706.csv,0.001346722710877657,0
Frame_707.csv,0.0012508750660344958,0
Frame_708.csv,0.0012841513380408287,0
Frame_709.csv,0.0012941356981173158,0
Frame_71.csv,0.0015457329573109746,0
Frame_710.csv,0.00125651725102216,0
Frame_711.csv,0.0012684967368841171,0
Frame_712.csv,0.001247983193024993,0
Frame_713.csv,0.00124578014947474,0
Frame_714.csv,0.0011721368646249175,0
Frame_715.csv,0.001470416085794568,0
Frame_716.csv,0.0013458760222420096,0
Frame_717.csv,0.0011550966883078218,0
Frame_718.csv,0.00173924898263067,0
Frame_719.csv,0.0012439284473657608,0
Frame_72.csv,0.0013492590514943004,0
Frame_720.csv,0.001216424279846251,0
Frame_721.csv,0.0011711807455867529,0
Frame_722.csv,0.002920791506767273,0
Frame_723.csv,0.0010422246996313334,0
Frame_724.csv,0.002152319299057126,0
Frame_725.csv,0.001390041084960103,0
Frame_726.csv,0.0015821203123778105,0
Frame_727.csv,0.0014047760050743818,0
Frame_728.csv,0.0018392776837572455,0
Frame_729.csv,0.0011666773352771997,0
Frame_73.csv,0.0012553379638120532,0
Frame_730.csv,0.0011793180601671338,0
Frame_731.csv,0.0011691132094711065,0
Frame_732.csv,0.001267223502509296,0
Frame_733.csv,0.001357253291644156,0
Frame_734.csv,0.001593481982126832,0
Frame_735.csv,0.0014551192289218307,0
Frame_736.csv,0.0013735225657001138,0
Frame_737.csv,0.0012049867073073983,0
Frame_738.csv,0.0013357966672629118,0
Frame_739.csv,0.001386130228638649,0
Frame_74.csv,0.0013442026684060693,0
Frame_740.csv,0.001161006512120366,0
Frame_741.csv,0.0023523280397057533,0
Frame_742.csv,0.001328944112174213,0
Frame_743.csv,0.0011920287506654859,0
Frame_744.csv,0.0012518735602498055,0
Frame_745.csv,0.001124969800002873,0
Frame_746.csv,0.0013191826874390244,0
Frame_747.csv,0.0013579942751675844,0
Frame_748.csv,0.001210543792694807,0
Frame_749.csv,0.0012401926796883345,0
Frame_75.csv,0.0013994767796248198,0
Frame_750.csv,0.003171932650730014,0
Frame_751.csv,0.002425766782835126,0
Frame_752.csv,0.001262169680558145,0
Frame_753.csv,0.0012011539656668901,0
Frame_754.csv,0.001165649271570146,0
Frame_755.csv,0.0012830394553020597,0
Frame_756.csv,0.0013643838465213776,0
Frame_757.csv,0.0014823724050074816,0
Frame_758.csv,0.0013671997003257275,0
Frame_759.csv,0.0013527569826692343,0
Frame_76.csv,0.0013106489786878228,0
Frame_760.csv,0.0013412355910986662,0
Frame_761.csv,0.0014856086345389485,0
Frame_762.csv,0.0011690114624798298,0
Frame_763.csv,0.0011662299511954188,0
Frame_764.csv,0.001185896573588252,0
Frame_765.csv,0.0011250858660787344,0
Frame_766.csv,0.0014801183715462685,0
Frame_767.csv,0.00139885104727,0
Frame_768.csv,0.00116604077629745,0
Frame_769.csv,0.0012186163803562522,0
Frame_77.csv,0.0012963172048330307,0
Frame_770.csv,0.0011698596645146608,0
Frame_771.csv,0.001390606863424182,0
Frame_772.csv,0.0015161278424784541,0
Frame_773.csv,0.0013157938374206424,0
Frame_774.csv,0.0013616454089060426,0
Frame_775.csv,0.001576342387124896,0
Frame_776.csv,0.00506826676428318,1
Frame_777.csv,0.0011560701532289386,0
Frame_778.csv,0.001262917765416205,0
Frame_779.csv,0.001501765102148056,0
Frame_78.csv,0.002239711582660675,0
Frame_780.csv,0.0012225131504237652,0
Frame_781.csv,0.0011701637413352728,0
Frame_782.csv,0.0014835648471489549,0
Frame_783.csv,0.001545061357319355,0
Frame_784.csv,0.0012976377038285136,0
Frame_785.csv,0.0012885414762422442,0
Frame_786.csv,0.0013696743408218026,0
Frame_787.csv,0.0013072423171252012,0
Frame_788.csv,0.0013708581682294607,0
Frame_789.csv,0.0013212842168286443,0
Frame_79.csv,0.00146017805673182,0
Frame_790.csv,0.001235941075719893,0
Frame_791.csv,0.001159848179668188,0
Frame_792.csv,0.0013580502709373832,0
Frame_793.csv,0.0013094086898490787,0
Frame_794.csv,0.001141983550041914,0
Frame_795.csv,0.0014688210794702172,0
Frame_796.csv,0.0011768334079533815,0
Frame_797.csv,0.0015459454152733088,0
Frame_798.csv,0.0013147760182619095,0
Frame_799.csv,0.0014469427987933159,0
Frame_8.csv,0.002052727621048689,0
Frame_80.csv,0.0013445838121697307,0
Frame_800.csv,0.0013222292764112353,0
Frame_801.csv,0.0013122581876814365,0
Frame_802.csv,0.001322359312325716,0
Frame_803.csv,0.0015217408072203398,0
Frame_804.csv,0.0013369079679250717,0
Frame_805.csv,0.0012345362920314074,0
Frame_806.csv,0.0012506365310400724,0
Frame_807.csv,0.0015934421680867672,0
Frame_808.csv,0.0014799493364989758,0
Frame_809.csv,0.0013218215899541974,0
Frame_81.csv,0.0017516561783850193,0
Frame_810.csv,0.0012965997448191047,0
Frame_811.csv,0.0018034405075013638,0
Frame_812.csv,0.0012149990070611238,0
Frame_813.csv,0.0018808585591614246,0
Frame_814.csv,0.0011720801703631878,0
Frame_815.csv,0.0013014194555580616,0
Frame_816.csv,0.0012248136335983872,0
Frame_817.csv,0.0011581435101106763,0
Frame_818.csv,0.0013541515218093991,0
Frame_819.csv,0.0013130588922649622,0
Frame_82.csv,0.0012530635576695204,0
Frame_820.csv,0.0013740761205554008,0
Frame_821.csv,0.0013324760366231203,0
Frame_822.csv,0.0012000788701698184,0
Frame_823.csv,0.0012359821703284979,0
Frame_824.csv,0.001207251800224185,0
Frame_825.csv,0.0012458317214623094,0
Frame_826.csv,0.001219580415636301,0
Frame_827.csv,0.0012942965840920806,0
Frame_828.csv,0.0013418336166068912,0
Frame_829.csv,0.0013297712430357933,0
Frame_83.csv,0.0014531491324305534,0
Frame_830.csv,0.001386110670864582,0
Frame_831.csv,0.001109871082007885,0
Frame_832.csv,0.001182029489427805,0
Frame_833.csv,0.001418562140315771,0
Frame_834.csv,0.0016030240803956985,0
Frame_835.csv,0.0016288734041154385,0
Frame_836.csv,0.0011370092397555709,0
Frame_837.csv,0.0012274959590286016,0
Frame_838.csv,0.001265304978005588,0
Frame_839.csv,0.0012574178399518132,0
Frame_84.csv,0.002424616599455476,0
Frame_840.csv,0.0014094809303060174,0
Frame_841.csv,0.0013480561319738626,0
Frame_842.csv,0.0014435292687267065,0
Frame_843.csv,0.0013809717493131757,0
Frame_844.csv,0.0013249650364741683,0
Frame_845.csv,0.001236535026691854,0
Frame_846.csv,0.0012454481329768896,0
Frame_847.csv,0.0016838955925777555,0
Frame_848.csv,0.0012689364375546575,0
Frame_849.csv,0.0013555829646065831,0
Frame_85.csv,0.0012959915911778808,0
Frame_850.csv,0.0013113089371472597,0
Frame_851.csv,0.0014051225734874606,0
Frame_852.csv,0.0012113142292946577,0
Frame_853.csv,0.0013348604552447796,0
Frame_854.csv,0.0013124619144946337,0
Frame_855.csv,0.0015941583551466465,0
Frame_856.csv,0.001418936881236732,0
Frame_857.csv,0.0015560656320303679,0
Frame_858.csv,0.001121650100685656,0
Frame_859.csv,0.0012296377681195736,0
Frame_86.csv,0.0014287366066128016,0
Frame_860.csv,0.0016363741597160697,0
Frame_861.csv,0.0015663767699152231,0
Frame_862.csv,0.0014808399137109518,0
Frame_863.csv,0.0011238481383770704,0
Frame_864.csv,0.001410153927281499,0
Frame_865.csv,0.0015013105003163218,0
Frame_866.csv,0.0014508842723444104,0
Frame_867.csv,0.0012589325197041035,0
Frame_868.csv,0.0012425828026607633,0
Frame_869.csv,0.0013115344336256385,0
Frame_87.csv,0.001150496886111796,0
Frame_870.csv,0.0013427193043753505,0
Frame_871.csv,0.0014621205627918243,0
Frame_872.csv,0.0012303409166634083,0
Frame_873.csv,0.0014886362478137016,0
Frame_874.csv,0.0014344056835398078,0
Frame_875.csv,0.0012409777846187353,0
Frame_876.csv,0.0014119782717898488,0
Frame_877.csv,0.0013634429778903723,0
Frame_878.csv,0.0013556445483118296,0
Frame_879.csv,0.0013014412252232432,0
Frame_88.csv,0.0012208521366119385,0
Frame_880.csv,0.0014079684624448419,0
Frame_881.csv,0.0014586427714675665,0
Frame_882.csv,0.001484985463321209,0
Frame_883.csv,0.001350671169348061,0
Frame_884.csv,0.0012114433338865638,0
Frame_885.csv,0.0012516822898760438,0
Frame_886.csv,0.001259155455045402,0
Frame_887.csv,0.0013958998024463654,0
Frame_888.csv,0.0019763617310673,0
Frame_889.csv,0.0012788934400305152,0
Frame_89.csv,0.0011552277719601989,0
Frame_890.csv,0.0014653945108875632,0
Frame_891.csv,0.0014794452581554651,0
Frame_892.csv,0.0013815832789987326,0
Frame_893.csv,0.0015525949420407414,0
Frame_894.csv,0.0013769842917099595,0
Frame_895.csv,0.001759945647791028,0
Frame_896.csv,0.0014309239340946078,0
Frame_897.csv,0.001446384354494512,0
Frame_898.csv,0.001359861809760332,0
Frame_899.csv,0.0011860770173370838,0
Frame_9.csv,0.0021314749028533697,0
Frame_90.csv,0.0012376941740512848,0
Frame_900.csv,0.0013014156138524413,0
Frame_901.csv,0.0013417033478617668,0
Frame_902.csv,0.0013162697432562709,0
Frame_903.csv,0.0011860814411193132,0
Frame_904.csv,0.001307570724748075,0
Frame_905.csv,0.0013870998518541455,0
Frame_906.csv,0.0012302445247769356,0
Frame_907.csv,0.001288322382606566,0
Frame_908.csv,0.0014921631664037704,0
Frame_909.csv,0.0013912561116740108,0
Frame_91.csv,0.0013578282669186592,0
Frame_910.csv,0.0014193003298714757,0
Frame_911.csv,0.0012385660083964467,0
Frame_912.csv,0.001606893027201295,0
Frame_913.csv,0.0013651985209435225,0
Frame_914.csv,0.0012949190568178892,0
Frame_915.csv,0.0012177921598777175,0
Frame_916.csv,0.001497988705523312,0
Frame_917.csv,0.0013483369257301092,0
Frame_918.csv,0.002089239191263914,0
Frame_919.csv,0.001177727011963725,0
Frame_92.csv,0.0014181273290887475,0
Frame_920.csv,0.0016059704357758164,0
Frame_921.csv,0.001392147270962596,0
Frame_922.csv,0.0015628989785909653,0
Frame_923.csv,0.0015218728221952915,0
Frame_924.csv,0.0013620887184515595,0
Frame_925.csv,0.0015813146019354463,0
Frame_926.csv,0.0011347021209076047,0
Frame_927.csv,0.00131764798425138,0
Frame_928.csv,0.0013617409858852625,0
Frame_929.csv,0.0012610722333192825,0
Frame_93.csv,0.0012472487287595868,0
Frame_930.csv,0.001751130330376327,0
Frame_931.csv,0.0013926932588219643,0
Frame_932.csv,0.0015294182812795043,0
Frame_933.csv,0.0012519031297415495,0
Frame_934.csv,0.0014440768864005804,0
Frame_935.csv,0.0014268314698711038,0
Frame_936.csv,0.001500594662502408,0
Frame_937.csv,0.001422871253453195,0
Frame_938.csv,0.0012870520586147904,0
Frame_939.csv,0.0013027266832068563,0
Frame_94.csv,0.0012064198963344097,0
Frame_940.csv,0.0014680223539471626,0
Frame_941.csv,0.0013701756251975894,0
Frame_942.csv,0.0012228343402966857,0
Frame_943.csv,0.0027521115262061357,0
Frame_944.csv,0.004943602718412876,1
Frame_945.csv,0.0011546637397259474,0
Frame_946.csv,0.0016751965740695596,0
Frame_947.csv,0.001320430776104331,0
Frame_948.csv,0.0013379884185269475,0
Frame_949.csv,0.0012465121690183878,0
Frame_95.csv,0.001300396746955812,0
Frame_950.csv,0.0014233599649742246,0
Frame_951.csv,0.001273603062145412,0
Frame_952.csv,0.0011625764891505241,0
Frame_953.csv,0.001306135207414627,0
Frame_954.csv,0.0012585981748998165,0
Frame_955.csv,0.0015516381245106459,0
Frame_956.csv,0.0012652988079935312,0
Frame_957.csv,0.0013351717498153448,0
Frame_958.csv,0.0011973569635301828,0
Frame_959.csv,0.0012984242057427764,0
Frame_96.csv,0.0011397115886211395,0
Frame_960.csv,0.001351421931758523,0
Frame_961.csv,0.0015612978022545576,0
Frame_962.csv,0.0012030483921989799,0
Frame_963.csv,0.0011729230172932148,0
Frame_964.csv,0.0013040812918916345,0
Frame_965.csv,0.0015158953610807657,0
Frame_966.csv,0.0014587811892852187,0
Frame_967.csv,0.001566423219628632,0
Frame_968.csv,0.001150342752225697,0
Frame_969.csv,0.0014677114086225629,0
Frame_97.csv,0.0011223491746932268,0
Frame_970.csv,0.0023009234573692083,0
Frame_971.csv,0.0013493138831108809,0
Frame_972.csv,0.0014860635856166482,0
Frame_973.csv,0.001324422424659133,0
Frame_974.csv,0.0016111104050651193,0
Frame_975.csv,0.0014016552595421672,0
Frame_976.csv,0.0013003204949200153,0
Frame_977.csv,0.0013303663581609726,0
Frame_978.csv,0.001427302835509181,0
Frame_979.csv,0.0015389473410323262,0
Frame_98.csv,0.0012333386112004519,0
Frame_980.csv,0.0014578386908397079,0
Frame_981.csv,0.001341082388535142,0
Frame_982.csv,0.0013464231742545962,0
Frame_983.csv,0.001385635114274919,0
Frame_984.csv,0.0015753868501633406,0
Frame_985.csv,0.001458571758121252,0
Frame_986.csv,0.001292025437578559,0
Frame_987.csv,0.0013876364100724459,0
Frame_988.csv,0.0015051179798319936,0
Frame_989.csv,0.001365784672088921,0
Frame_99.csv,0.0012647568946704268,0
Frame_990.csv,0.0015605090884491801,0
Frame_991.csv,0.0014323694631457329,0
Frame_992.csv,0.0014023762196302414,0
Frame_993.csv,0.0011404432589188218,0
Frame_994.csv,0.0018285468686372042,0
Frame_995.csv,0.0012993310810998082,0
Frame_996.csv,0.0014038626104593277,0
Frame_997.csv,0.0014716871082782745,0
Frame_998.csv,0.0014537821989506483,0
Frame_999.csv,0.0012856504181399941,0
